FrameNumber, NCC, OriginalFrameNumber, Strip0_NCC, Strip0_XShift, Strip0_YShift, Strip10_NCC, Strip10_XShift, Strip10_YShift, Strip11_NCC, Strip11_XShift, Strip11_YShift, Strip12_NCC, Strip12_XShift, Strip12_YShift, Strip13_NCC, Strip13_XShift, Strip13_YShift, Strip14_NCC, Strip14_XShift, Strip14_YShift, Strip15_NCC, Strip15_XShift, Strip15_YShift, Strip16_NCC, Strip16_XShift, Strip16_YShift, Strip17_NCC, Strip17_XShift, Strip17_YShift, Strip1_NCC, Strip1_XShift, Strip1_YShift, Strip2_NCC, Strip2_XShift, Strip2_YShift, Strip3_NCC, Strip3_XShift, Strip3_YShift, Strip4_NCC, Strip4_XShift, Strip4_YShift, Strip5_NCC, Strip5_XShift, Strip5_YShift, Strip6_NCC, Strip6_XShift, Strip6_YShift, Strip7_NCC, Strip7_XShift, Strip7_YShift, Strip8_NCC, Strip8_XShift, Strip8_YShift, Strip9_NCC, Strip9_XShift, Strip9_YShift, XShift, YShift
1, 0.9712424278259277, 12, 0.9746884107589722, 77, -13, 0.9774162173271179, -78.00060332805842, -0.0006994955685968307, 0.9772108793258667, -75.00013981731533, -9.00029563035639, 0.9764173030853271, 13, -15, 0.9777588248252869, -8.000844122091252, -0.0016989064341714766, 0.9758062958717346, -94, 12, 0.9760785102844238, -38.000178928845486, -2.9992653693623765, 0.9841242432594299, -0.00038193117113394237, -0.0011051378876345552, 0.9962707757949829, -0.0001929200453929525, 0.0002562605274079033, 0.9789218306541443, -19, -15, 0.9806845784187317, -24, -11, 0.9818899035453796, -22.00030971626812, -4.000353711525236, 0.9838414788246155, -11.000133556406439, -4.224185772727651e-06, 0.9841748476028442, -5.999533904323968, 0.9999715171979915, 0.9853624701499939, 3.000640246632557, 0.0002097076475990889, 0.9817857146263123, 12.000031206250029, -5.000379908554464, 0.9809674024581909, 15.999924087060023, -10.000604245856664, 0.9791703224182129, 21, -15, -31, 46
2, 0.9735736846923828, 13, 0.985529363155365, -2, 3, 0.9778275489807129, -96.99968416298964, 2.9999091905173145, 0.9778679609298706, -7, -14, 0.9794666171073914, -63.00036749710935, 2.000244844461804, 0.978465735912323, -27.999977593184497, -8.998895062838812, 0.9758400917053223, -56, 11, 0.9773359298706055, 6.9999040585506265, -2.9993594657921108, 0.9779358506202698, 92.00003329470428, 0.0014185401382746932, 0.9804430603981018, 0.0013869022139090248, 0.0010135524889847147, 0.9872519969940186, -1.9987800041405137, 2.9974810601635085, 0.9869277477264404, -2.001530418172379, 2.0000984268831985, 0.9879282712936401, -2.0001582578937445, 1.9995779260683548, 0.9859153628349304, 0.0006946244320857886, 0.9981919224862281, 0.9876838326454163, 0.9989524002524064, -1.0021698583774423, 0.9844100475311279, 1.000010439508742, -3.0009761389771086, 0.9786901473999023, -50, -14, 0.9784718751907349, 3.001651068278818, -6.000041316075055, 0.9790688157081604, 6.999333731121183, -4.999946366538552, -1, 14
3, 0.9999999403953552, 14, 1, -0.00012148471938644434, -0.00021459159546211026, 0.9999997615814209, 6.320590759401057e-05, 7.631739435964846e-07, 0.9999998807907104, 5.560025894624232e-05, 0.00019688428909603317, 0.9999999403953552, -0.00018977087363225564, -0.0004329319471025883, 1, -0.00026432435193157744, -0.00012906360660736027, 1, 7.182728217003387e-05, 0.00097813164092031, 0.9999999403953552, -0.00034178386088967727, -0.0006498392094158589, 0.9999997615814209, 8.627441181374707e-05, 0.0008744970731413559, 1, -0.0004182970263570951, -0.0005834611474710982, 0.9999999403953552, -0.0005158213576521575, 0.00015754095926467926, 1, 0.0006723557073513575, -0.0005235039090223381, 1, 0.00010039006451734167, 0.0004927812335751014, 0.9999998211860657, -0.00012959642049281683, -6.398751995106977e-05, 0.9999999403953552, -0.00017298026439505065, -9.689901662568445e-05, 1, 0.0001971396655449098, 0.00011335769409015484, 1, 3.709342752244993e-05, -0.0006378864342480028, 0.9999999403953552, -0.0002020168113432419, -0.000210610036504022, 0.9999999403953552, -0.0003156441126179743, 0.00033969843275372114, 0, 0
4, 0.9787417054176331, 16, 0.9818077087402344, -4.999001882980025, -0.0006314873988699787, 0.9891842007637024, 2.0002395208313857, -0.00024748050947209776, 0.9901133179664612, 2.0010069418844125, 1.999390886403944, 0.9902379512786865, 1.9981608078257551, 2.0011307946501233, 0.9874340295791626, 0.9992151384678607, 1.0016900799033692, 0.9885613918304443, 1.9981747513011214, -0.9971124774704094, 0.9864368438720703, 3.9993607947776866, -1.0008182143713498, 0.9876646399497986, 5.00077939523355, -2.00034227019853, 0.9873438477516174, 6.99942891297448, -2.0018969077638076, 0.984276533126831, -4.002384229908614, 1.9989324925312033, 0.9855397343635559, -3.00165350377479, 2.0009505619216554, 0.9858009815216064, -2.999605342646788, 2.0007773359765793, 0.9852067828178406, -2.0015294789484273, 2.0000217381434595, 0.9842864274978638, -3.0000156428873908, 0.9982769065769617, 0.9870712161064148, -1.0002817976490235, -1.999692695373568, 0.9904106855392456, -0.9999335458464316, -3.0017170289358432, 0.9892960786819458, -0.0006247498703828569, -3.0002313852193083, 0.9884923696517944, 0.9996559355948875, -1.9997948128959138, 11, -21
5, 0.9730874300003052, 51, 0.9785194993019104, -0.0020796531976827737, -1.0020004258529838, 0.9817247986793518, 0.998783195166439, 0.9990914848353896, 0.9836024045944214, -0.00019317044488786905, -0.0008726811338419793, 0.9820802211761475, -0.00017744171621814075, 0.9995055539549753, 0.9810473918914795, -2.0009092860161246, 0.9995379143188075, 0.9804380536079407, -1.0006702391140863, -0.999173426955565, 0.9809509515762329, 0.9986802402921029, 1.0003337290386867, 0.9794880747795105, 0.9987502725432904, 0.9997265024236413, 0.9810382127761841, 2.9969239417323195, 0.9997655425866014, 0.9791856408119202, -6.000498233658362, -3.0021488019739735, 0.9798046350479126, -7.000625470088039, -2.9997835957442476, 0.9821334481239319, -6.000414810509184, -3.9996631946150387, 0.9803695678710938, -6.999394700071548, -6.0011357385452015, 0.9822052121162415, -5.000589093750349, -6.999366356721964, 0.9816038012504578, -9.999440976533066, -7.000416338121141, 0.9785801768302917, 8, 14, 0.9788659811019897, 5.999016101043125, -2.9994660940324707, 0.9838111996650696, -1.9990324072865207, 0.9990291431437299, -70, -21
6, 0.9737032055854797, 53, 0.9842604994773865, -0.0018639601486256652, -0.0004638168330473036, 0.9815669655799866, 2.0005650878025563, -0.0015388795760031826, 0.9806540608406067, 1.9985972364409434, -0.0028362830572064013, 0.9816309213638306, 0.9992672629513066, -1.0012665351910641, 0.9805374145507812, -1.999841640025295, -4.001073939766229, 0.9798930287361145, -1.0011109821587212, -5.000173983617913, 0.981734037399292, -0.0006351113468241465, -3.999436384455464, 0.9776874780654907, -1.001312570753882, -5.001248200039981, 0.9809367060661316, -3, -5, 0.9760487079620361, -4.001461217018047, 1.9998062569767825, 0.9814618229866028, -8.997834578011876, 2.9987490696548775, 0.9821032285690308, -3.9998094599160794, 5.00090933178744, 0.980396568775177, -6.999565237503774, 3.0007776423524035, 0.9783556461334229, -4.000787923250883, 3.9996976366757337, 0.9795677065849304, 28.000199601091253, -5.999272970175639, 0.9831852912902832, 0.9997162142263107, -0.0014931078704023548, 0.9821006059646606, 1.9995290754121697, -6.258381182533412e-05, 0.9845592379570007, 3.0008561811055188, 0.9989450334662138, -58, -34
7, 0.9742447137832642, 54, 0.9932689666748047, -0.00014146997887110047, -0.0014712448964235847, 0.9818519353866577, 1.0008160629601548, 0.9994570130185707, 0.9831065535545349, 2.999117403316987, 0.9979050937967031, 0.9792418479919434, 0.9998931065082104, 0.9996208539098461, 0.9793736934661865, -0.99872731724966, -1.0003210849089328, 0.9805875420570374, 1.0003456134451767, -1.9990230625917889, 0.9812560081481934, 1.9991993716048029, -2.0004428419703117, 0.9784493446350098, 0.998950813769838, -3.999629491677524, 0.9803908467292786, -1, -5, 0.9767242074012756, -4.001919798864549, -1.0005082234132772, 0.981573224067688, -8.998848312736683, 1.9987224584140222, 0.9819566607475281, -3.000096311411866, 2.0004237639809617, 0.9809200167655945, -0.001025267880947922, 9.00032885975564, 0.9790906310081482, 61, -14, 0.9807672500610352, -0.9990106561560879, -1.0001022034153095, 0.982471764087677, -2.999124964737888, -2.0020681099479134, 0.9821534752845764, -1.9997002613465895, -0.9998370870171698, 0.9830999374389648, 1.0003379050248924, 1.0001669705645782, -53, -46
8, 0.9734558463096619, 55, 0.9932689666748047, -0.00014146997887110047, -0.0014712448964235847, 0.9814833998680115, 1.9993736414060095, 0.9995217588819969, 0.9811303019523621, 0.9994713036347207, 2.9984585802173456, 0.9813021421432495, -0.9994790557459652, 4.001447204425801, 0.9799365997314453, -1.0002740254928995, 3.999251659333879, 0.9809984564781189, -1.0009111512053437, 2.000038869444495, 0.9805186986923218, -0.0007035743134196082, -0.00012443029356745683, 0.9774284362792969, -0.0002402731869466379, -3.0000244615321208, 0.9801657795906067, 3, -3, 0.9859619736671448, 9.229397805654571e-05, 0.0007513878613067959, 0.9788933992385864, 6.000187885048717, 0.9998156248751258, 0.9773183465003967, 88, -15, 0.9759628176689148, 1.0009379883404534, 2.999778830485184, 0.9732840657234192, 24.998696641452867, -4.9997130193614225, 0.9799833297729492, 24.999799583004247, -9.99837143526588, 0.9835402369499207, -1.9993034203802722, -4.0019628221429, 0.9829901456832886, -0.9999948919424639, -2.9998752615163653, 0.9822512269020081, 0.9994650284036055, -1.0012954231257254, -55, -66
9, 0.972780704498291, 74, 0.9765803813934326, 61, -15, 0.9812493920326233, 1.0017634754230613, 0.9996342258818913, 0.9804645776748657, 2.0006455601987767, 1.000388794459809, 0.9798011183738708, 4.000830483506803, 2.999258759853774, 0.9787541627883911, 3.0009743914958733, 0.999568842310282, 0.9843860268592834, -80, 15, 0.9927697777748108, -0.00023889552107903, -0.0011794157804843053, 0.9942640662193298, 0.00013462274435482868, 0.0007920996048369489, 0.9962707757949829, -0.0001929200453929525, 0.0002562605274079033, 0.9785634875297546, 1.0009472437463245, 5.000400715157113, 0.9796109795570374, 0.0019191921161763048, 1.9996551139703627, 0.9822766780853271, -1.0002883433682825, 0.0023972633983362357, 0.9808509349822998, 0.9989147449733053, -5.000319375709125, 0.9796656966209412, 2.001176039835997, -2.0013912393005455, 0.9806198477745056, -8.999765264340255, 4.999978838392053, 0.9818267822265625, 0.9994097988487312, -7.99900935564898, 0.9799866080284119, 1.0012200091653511, -3.9997213151025903, 0.9799702763557434, -22, 15, 37, 107
10, 0.9735292196273804, 75, 0.9782500267028809, 99, -15, 0.9814558625221252, 4.000688023259883, 1.000689197436543, 0.9789815545082092, 4.999218243670356, 2.000300868654108, 0.9807425141334534, 4.00230072573342, 3.9997497540723543, 0.9784521460533142, 7, 13, 0.9840777516365051, 6, 14, 0.9927697777748108, -0.00023889552107903, -0.0011794157804843053, 0.9942640662193298, 0.00013462274435482868, 0.0007920996048369489, 0.9962707757949829, -0.0001929200453929525, 0.0002562605274079033, 0.9764866828918457, 2.0022294004800614, 4.999437396177761, 0.9793146252632141, -3.9981950097025702, -1.9992596662875144, 0.9821223616600037, -1.9999732146069675, 2.000695705023489, 0.980624794960022, 1.9997408417739564, -1.0002027528009307, 0.9780408143997192, 5.000339959800769, 0.9988666145207787, 0.9794962406158447, -30.00083351743433, 2.9997199901385727, 0.9822888374328613, 2.9992094530287403, -3.0001112386353554, 0.9807807207107544, 6.998758379921398, -0.9993402960382696, 0.9806030988693237, -24, 13, 51, 105
11, 0.9729679822921753, 76, 0.9789548516273499, -4.998796998912255, -4.00195248630564, 0.9803779125213623, 6.0002008118176064, 3.0010610228958967, 0.9811784029006958, 6.998822437875958, 4.000475104789359, 0.9799225926399231, 5.0016448986376645, 6.998532065851293, 0.9778757691383362, 3.9999377945141106, 6.000317616681627, 0.9845499992370605, -31, 12, 0.9927697777748108, -0.00023889552107903, -0.0011794157804843053, 0.9942640662193298, 0.00013462274435482868, 0.0007920996048369489, 0.9962707757949829, -0.0001929200453929525, 0.0002562605274079033, 0.9792995452880859, 4.998468328999735, -0.0004559280644897967, 0.9802172183990479, -4.998992067120966, -3.9989825987550347, 0.981514036655426, -0.9999700144616099, 1.0001510435755847, 0.9793571829795837, -2, -13, 0.97916179895401, 6.998554653726572, -1.0008641746530316, 0.9803399443626404, 0.00021211350581040733, 5.998747868299063, 0.9820266962051392, -0.0005017991615403616, -3.0007115099710404, 0.9809221029281616, 5.999770733290688, 3.9976380587397102, 0.9805047512054443, -11, 15, 56, 109
12, 0.9702444076538086, 78, 0.9792191386222839, 96, -15, 0.9794771671295166, -25.99928185379477, -7.998419316737284, 0.9794164299964905, -25, -12, 0.9783217310905457, -23, -15, 0.9788180589675903, -5, -11, 0.9736607074737549, 86, 15, 0.9927697777748108, -0.00023889552107903, -0.0011794157804843053, 0.9942640662193298, 0.00013462274435482868, 0.0007920996048369489, 0.9962707757949829, -0.0001929200453929525, 0.0002562605274079033, 0.9789984226226807, -0.9999906052035357, 0.001589493254201102, 0.9805494546890259, -6.998464474526898, -1.999382487273337, 0.9802771806716919, -2.9997510278041517, 3.000860070538181, 0.9800561666488647, -11.999775028434442, 2.0004324545471945, 0.9796616435050964, -14.000268455772357, 3.0001871926843933, 0.9809145927429199, -20.999695053734683, 0.001239304583748435, 0.9824876189231873, -22.99867962574983, -0.0003834161698250682, 0.980659544467926, -25.001348207577593, 0.9991111531475099, 0.9793375134468079, -26.00013239668786, -1.000448120626288, 21, 93
13, 0.9712549448013306, 94, 0.9769447445869446, 102, -15, 0.9796260595321655, 5.999103935226529, 2.0000864775235527, 0.9795859456062317, 4.000447421172737, 4.00046831665702, 0.9783915281295776, 4.998575518491691, 5.999981010996464, 0.9794251918792725, 7.0002510313226765, 5.000212484955171, 0.9806810021400452, -58, 15, 0.9927697777748108, -0.00023889552107903, -0.0011794157804843053, 0.9942640662193298, 0.00013462274435482868, 0.0007920996048369489, 0.9962707757949829, -0.0001929200453929525, 0.0002562605274079033, 0.9778708219528198, -2.0012169420256214, -0.998540981785311, 0.9809871912002563, 104, -10, 0.9811409711837769, -3.9988691311389033, 3.999594054064076, 0.9808735847473145, 2.9994623419233335, -0.9996685706655342, 0.9799925684928894, 63, -15, 0.9797738790512085, 37.99940973624061, -0.0001677877498025282, 0.9814813733100891, 3.0009950482809273, -9.99976386828456, 0.9803811311721802, 1.9996884484597217, -3.000124702699054, 0.9803880453109741, 3.99947840183421, 1.000183853228748, -97, 94
14, 0.9740603566169739, 125, 0.9818064570426941, -2.9993418498127653, 1.9963980884371333, 0.9809924364089966, 3.999012632036809, -8.999907667277114, 0.9800553321838379, 5.998105784563322, -8.0022701839477, 0.9776859283447266, 5.0006551212316595, -5.99988038952057, 0.9801244139671326, 5.0002353502887615, -5.000306201258127, 0.9797917008399963, -54, 15, 0.9927697777748108, -0.00023889552107903, -0.0011794157804843053, 0.9942640662193298, 0.00013462274435482868, 0.0007920996048369489, 0.9962707757949829, -0.0001929200453929525, 0.0002562605274079033, 0.981546938419342, -1.0018315933426294, 0.9999728075370555, 0.9836531281471252, 1.0002025414573694, 0.9989637183763591, 0.9841167330741882, 1.999353740810676, 0.0015742850233380068, 0.9824487566947937, 1.0028961172124014, 0.0008188671490358956, 0.9826979041099548, -1.999670931269776, -2.0005493145278024, 0.9818599224090576, -5.000098292645788, -4.000719104957824, 0.9812676906585693, -4.999809590635024, -7.999761044775482, 0.9806259274482727, -3.000092160115372, -8.000519633503473, 0.9805787205696106, 7, 13, -4, 104
15, 0.974500298500061, 126, 0.9806426167488098, -1, 6, 0.9810912609100342, 3.998162122311868, 5.753893691462508e-05, 0.9793490767478943, 2.999463829056694, 1.0003748516833753, 0.9788922071456909, 1.0010220779547723, 1.9986359307021075, 0.9782421588897705, 27.999162909848152, -10.000550548760998, 0.976191520690918, -1, 15, 0.9897716045379639, -0.00015984634195831404, 0.00012258883748472726, 0.9942640662193298, 0.00013462274435482868, 0.0007920996048369489, 0.9962707757949829, -0.0001929200453929525, 0.0002562605274079033, 0.983012855052948, -0.9995966839592256, 4.999436534615853, 0.9846607446670532, -0.9988694776122742, 2.9998902247505725, 0.9848626255989075, -0.00023443867014805164, 1.0013353883584557, 0.9840075373649597, 0.0025343457247402057, -0.00012924255096891102, 0.9836052656173706, -0.9995338393717219, -2.00124881898131, 0.9840249419212341, -0.9997954565909168, -3.001578674920694, 0.9814920425415039, 0.9995307000399691, -2.0003939903892842, 0.9810115694999695, 1.0012549307283507, -1.000637936200519, 0.9801828861236572, 3.9999637841109177, -6.698051925013715e-05, -1, 83
16, 0.9734296798706055, 145, 0.9794467687606812, -14.000486655485446, -0.0013789805938717592, 0.9808135032653809, 3.0004482702310042, 0.9980672589904316, 0.9807495474815369, 3.0019922180948697, -0.0006995968828960031, 0.9789267778396606, 6.000658713497074, -1.9992098174255375, 0.9796536564826965, 7.0018145613348395, 9.998885551611863, 0.9787571430206299, -63, 15, 0.9786531925201416, 8.000118486047512, 0.0004761343724908329, 0.9793963432312012, 97.99983116731134, -1.0009656311365234, 0.9962707757949829, -0.0001929200453929525, 0.0002562605274079033, 0.9811464548110962, -10.999059802067478, 1.0012621103408463, 0.980146586894989, -5.00170472161561, 2.998499567174804, 0.9816642999649048, -9.999847820832741, 1.0011465975554472, 0.9819228649139404, -5.000780951422058, 3.000267014151632, 0.9803752899169922, -5.999092199368107, 0.0007115948812952411, 0.9812409281730652, 1.9996667782874624, -5.000544471320865, 0.9826468825340271, 1.0002590745313, -2.9998155240278663, 0.9809694290161133, -0.9984231064467792, -1.0001416726237267, 0.9805605411529541, 2.000193088892104, -0.9983410570692968, 50, 35
17, 0.9734809994697571, 146, 0.9783496260643005, 98, -15, 0.9774735569953918, 11.997896224913518, -8.999995309398685, 0.9782105088233948, 10.999638513143111, -3.998191861774444, 0.9787431955337524, 1.0009144432129204, -0.0009241816638336786, 0.9798048734664917, 5, 12, 0.9782174229621887, -69, 15, 0.9791622161865234, 8.999288772437694, 1.0008306344689117, 0.977104127407074, 98.99849266469955, 1.0005175730852898, 0.9962707757949829, -0.0001929200453929525, 0.0002562605274079033, 0.9805848002433777, 2.9984749169101264, 1.000286830921489, 0.9800381064414978, 3.998891377002863, -4.999255789435296, 0.9816249012947083, -6.000285590761877, 3.0001303720438415, 0.9793002009391785, -29, -13, 0.9796656370162964, -5.999686863215601, 3.9999505979496064, 0.9802497029304504, 33, -13, 0.9813284277915955, -56.00100097917871, -8.000053126039063, 0.9806700348854065, 0.0008708787960358677, -1.9998301820309052, 0.9809984564781189, 8.999236164013226, -0.999450624653889, 65, 30
18, 0.9707764387130737, 148, 0.9759833216667175, 7.0014551278594865, -8.000329064757661, 0.9793596267700195, 104, -8, 0.9781801104545593, 4.000451171968706, 3.0007812370888587, 0.9796566963195801, 3.00184796057178, 2.0005885676735033, 0.9790003299713135, 2.0017197847822104, 3.999896959679347, 0.9786328077316284, -66, 14, 0.9783846735954285, 52.00006745105352, -3.000523439909216, 0.9747671484947205, 18, -12, 0.993081271648407, 0.0002649305081803277, -0.00012902623404897895, 0.9785088300704956, 43, -12, 0.9781743884086609, -3.0002824872548928, -4.000248356332747, 0.9816142320632935, -11.998990697839403, -1.9995130325626889, 0.9790182113647461, -8.00119573341712, -2.9993573905422863, 0.9762066006660461, 65, -15, 0.9789782762527466, 53, -11, 0.9806087613105774, -3.9978864171539072, -8.001325795075758, 0.9809769988059998, -1.9989835875354771, -4.000405282470865, 0.9790334105491638, 54.001250358795204, 0.0008371043011834445, 81, 22
19, 0.972101628780365, 149, 0.9769839644432068, 14.000546682413798, -9.999590876445243, 0.9780121445655823, 18.000233785178338, -9.999734163949142, 0.9767804145812988, 16.000209544247312, -3.66197262451351e-05, 0.9794313907623291, 3.001191752003791, -0.0008022678935617478, 0.9797071814537048, 0.0008408778637658543, 0.9987876813110574, 0.9783957600593567, -14, 15, 0.9771464467048645, -7.000253881240482, 0.9998669373140956, 0.975543200969696, 10, -14, 0.9904412627220154, -0.0006043725384188292, -0.0012071484269426946, 0.9789507389068604, 11.000140290120356, -0.9991868229600698, 0.9788811802864075, 84.00072935497636, -3.000044444979892, 0.9804643392562866, -4.000186440576655, 0.0012217126056555117, 0.9798274040222168, -3.0009334096189946, -1.9983556188732337, 0.9784353375434875, 73, -15, 0.9790287017822266, 26.000326868303347, 1.00016161577895, 0.980426013469696, 1.0014959465200235, -10.001617163675348, 0.981320321559906, 0.00011702377562983202, -8.000252743481894, 0.9793532490730286, 13, -13, 83, 19
20, 0.971100389957428, 150, 0.9759665131568909, 13.999771281289114, -8.000439007134247, 0.9754065871238708, 74, -15, 0.9769397377967834, 20.999228555688305, -2.9991463079562095, 0.978376567363739, 1.001210111037139, -0.0014895808575943192, 0.9803887009620667, 0.0003916288689964631, 0.9992856341340257, 0.978131115436554, -64, 13, 0.9778248071670532, 0.9997943543719146, -0.9985396774424089, 0.9779364466667175, 60.99936742086322, 2.000453571057733, 0.9932924509048462, -0.0002617134846047975, -0.00011193117836683086, 0.9777483344078064, 10.001169900585552, -0.9991933841313312, 0.9782377481460571, 8.000289395378601, -4.000675226810245, 0.980500340461731, 70, 14, 0.9799127578735352, -7.000257248296947, -1.998385607690068, 0.9779194593429565, 45.00100701390425, -1.0007739833281448, 0.9790102243423462, 41.00038000999045, -0.000783647868843218, 0.9799244999885559, -1, -13, 0.9809797406196594, -0.0003040843291728379, 6.999216644766648, 0.9781984090805054, 58.0012876408204, -1.999428880204789, 88, 22
21, 0.9742544889450073, 275, 0.9762845039367676, -3, 5, 0.9816059470176697, 5.999252525060669, -1.0005848063429994, 0.9792858958244324, 84.00055451851755, 6.000035512137231, 0.9797228574752808, 5.000350447724472, -2.9994351132035035, 0.9789607524871826, 8, 12, 0.979329526424408, 15, 15, 0.9927648901939392, -0.0002470309251947356, -0.0011778826066120018, 0.9942640662193298, 0.00013462274435482868, 0.0007920996048369489, 0.9962707757949829, -0.0001929200453929525, 0.0002562605274079033, 0.9799065589904785, -3.0000426351991365, 4.000399655519004, 0.9810768961906433, -1.999581542517788, 3.999741382968537, 0.9818803668022156, 0.00017597085111731303, 2.001722287317193, 0.9805512428283691, 0.0005239283208027246, -0.9986074171937389, 0.9813604354858398, -1.9984068452413908, 0.0001850422324309875, 0.9809257984161377, 4.999099082689369, 5.9985014109009285, 0.9822952151298523, -0.9978992829994979, -1.0014870278426713, 0.9824579954147339, 1.000418208252043, -0.000328428446948692, 0.9816741943359375, 2.9999862560388095, -0.9990830211107777, -22, 90
22, 0.973555326461792, 276, 0.9781162738800049, 100, -11, 0.9824029207229614, 6.999359906824623, 3.999674697555406, 0.9822975993156433, 5.001758579340489, 2.99957193485659, 0.9816997647285461, 5.000481818560559, 3.000135764286597, 0.9813488125801086, 4.000339189807576, 1.9992477911613946, 0.9796419739723206, 3.0007332661814132, 2.0004888449608416, 0.9880078434944153, 0.0003164162931170722, -0.0003559669544301869, 0.9942640662193298, 0.00013462274435482868, 0.0007920996048369489, 0.9962707757949829, -0.0001929200453929525, 0.0002562605274079033, 0.9805186986923218, -3.0014192311771524, 1.0016983181369312, 0.9822912216186523, -3.0003701953826294, 1.9999975256569371, 0.9817509055137634, 0.9999289212154139, 2.000966858521039, 0.9804825782775879, 0.0005615874943885046, -2.9995027276145265, 0.9818142652511597, -2.9993962687370157, -1.9993077120830378, 0.9820932149887085, -0.9998219967790618, -1.0005199519890482, 0.9822399020195007, 2.0006009559904214, -2.0018802373467963, 0.9821557998657227, 4.0013387480447875, 1.0001401954382914, 0.9817400574684143, 8.000276993398458, 2.000786516644439, -10, 79
23, 0.9722666144371033, 277, 0.976714015007019, 69, -15, 0.9832742810249329, 4.999455232321196, 3.0002408471219724, 0.9829519987106323, 7.000274776944636, 3.9992254854826683, 0.9815302491188049, 6.99905683314374, 6.001457683585727, 0.9824962019920349, 5.000339772444633, 5.001581318839044, 0.982223391532898, 4.999642575728828, 5.001616132801644, 0.9897962212562561, 0.0003042425182684383, 0.001071637877316789, 0.9942640662193298, 0.00013462274435482868, 0.0007920996048369489, 0.9962707757949829, -0.0001929200453929525, 0.0002562605274079033, 0.9788862466812134, -1.0007690899368527, -0.997628044977759, 0.9800930619239807, -6.998797773046505, -0.9984304759649376, 0.9807928800582886, 49.00008308183211, 7.0004879637412785, 0.977002739906311, -26, 13, 0.9790633916854858, 18, -15, 0.9800615310668945, 33.00040689402678, 6.9992674911382835, 0.9819604754447937, -0.9998999467949972, -4.000862238009432, 0.9829667806625366, -0.9997940160712062, -0.9989409027212446, 0.9799718260765076, 1.9988046195576032, 1.9995902638289635, -3, 81
24, 0.9733842015266418, 278, 0.978320837020874, -5.998742464584026, -5.999812849318175, 0.9850754737854004, 0.9996427405243651, 4.001112954561563, 0.9828234910964966, -0.00011706166240799121, 5.997740185988732, 0.9837137460708618, -1.0003292768839174, 7.001365508739923, 0.9817952513694763, -2.9986673555507934, 6.997728746666155, 0.9817158579826355, -2.997437273024218, 6.00145380026953, 0.9915951490402222, -6.17749778086818e-05, -0.0002568382145682335, 0.9942640662193298, 0.00013462274435482868, 0.0007920996048369489, 0.9962707757949829, -0.0001929200453929525, 0.0002562605274079033, 0.9794144034385681, -3.0006515031765844, -1.0013494327844654, 0.9810711741447449, -4.000622627290397, 1.9991661554304727, 0.9814163446426392, 0.9997779078113922, 5.000415266929878, 0.9790239334106445, 3.9989771000601024, 3.000021170485752, 0.9811516404151917, 2.000082459512157, 4.9985671791118875, 0.9804213047027588, 54.9992109652246, -10.000758537915004, 0.9821999669075012, -9.140997461543066e-05, -1.0010075256955702, 0.9830939769744873, 2.5335280355420764e-05, -0.0005548126373469131, 0.9816734194755554, -0.0003323086932738306, 1.9998948785415678, 1, 87
25, 0.9718367457389832, 294, 0.9763215780258179, 84.9998351880297, -10.002211811291147, 0.9787530303001404, -0.9991766784489471, 3.9997634792752024, 0.9781484007835388, 88, 14, 0.9790166020393372, 3.000946078253648, 3.000017293796759, 0.9778198599815369, -1.0007345149686557, -9.999913554214231, 0.9778950214385986, -77, 13, 0.9806985855102539, 96.00105712525588, 4.000111354559692, 0.9942640662193298, 0.00013462274435482868, 0.0007920996048369489, 0.9962707757949829, -0.0001929200453929525, 0.0002562605274079033, 0.9787610173225403, -7.9985544991293835, 6.000875495392108, 0.9793828725814819, 2.9995916149585895, -5.000753054720377, 0.9804775714874268, -2.000416205331561, 3.000365398872745, 0.980182409286499, -3, -13, 0.9795836210250854, -0.00019780873996921855, -2.000873566001843, 0.9805732369422913, -3.00019948798834, -1.9994133995522532, 0.9804369807243347, -58, -12, 0.9807128310203552, -25.000179816236283, -7.000026311185479, 0.9803860187530518, -2.999456690834819, 1.0010684100464573, -91, 63
26, 0.9718694686889648, 295, 0.9770497679710388, -1.0011620242861596, -3.0006398038713833, 0.9787803292274475, 3.9996100452404164, -3.9992770020177204, 0.9787075519561768, 92.00145410248523, 2.000778032502353, 0.9774733781814575, 6.000552937357227, 1.9984782548420412, 0.9790559411048889, 5.000845623738897, -5.001265312225598, 0.9774876236915588, -59, 15, 0.9796106815338135, 2.999429677414426, -3.9996945529171626, 0.9918913245201111, 0.0009980513318623707, 0.00016212674825055728, 0.9962707757949829, -0.0001929200453929525, 0.0002562605274079033, 0.9798573851585388, -1.9998204687445735, -2.0006437479385255, 0.9780365228652954, 89.99957588553129, -5.999628942449604, 0.9805031418800354, -1.000399968080231, 3.0000485514719344, 0.9788933992385864, -9, -15, 0.9788356423377991, -0.999621049205814, 0.9990200546158405, 0.9804195761680603, 58, -12, 0.9805890917778015, -58.99947338453032, -7.001532939208431, 0.9808509945869446, 2.000345790804346, -2.9998568115317994, 0.9810634851455688, 0.0010658029030850003, -3.9992418974787256, -83, 54
27, 0.9718604683876038, 296, 0.9766671657562256, 96, -15, 0.9808146357536316, 0.9988661908443106, 1.9999174480399802, 0.9783468842506409, -1.0005890939445123, -0.00037695084017741465, 0.9787509441375732, -1.0000576358896325, -1.8530752242895687e-05, 0.979837954044342, -0.0012061891138159808, -5.000336089504685, 0.9791150093078613, 0.00030733602210375466, -4.00041667269636, 0.9766435027122498, 1.99860169385623, -1.9999684187120579, 0.9890916347503662, 0.0009606163405635471, -0.0012149133536922818, 0.9962707757949829, -0.0001929200453929525, 0.0002562605274079033, 0.9772140383720398, -5.999306225527022, -1.9992384564462569, 0.9806464314460754, 79.9989883072538, -7.000246363365534, 0.981789231300354, 67, 14, 0.9798528552055359, -4.000318189634811, -3.999909790040533, 0.9799150228500366, 56.00050840179771, -8.000471515566176, 0.9799718260765076, 55, -15, 0.9803788661956787, 0.9991133258710789, -8.999938378957694, 0.9798392653465271, -1.9992572712198609, -3.000362289829752, 0.9819691777229309, 0.9990049173016757, 6.15876147662675e-05, -79, 47
