FrameNumber, NCC, OriginalFrameNumber, Strip0_NCC, Strip0_XShift, Strip0_YShift, Strip10_NCC, Strip10_XShift, Strip10_YShift, Strip11_NCC, Strip11_XShift, Strip11_YShift, Strip12_NCC, Strip12_XShift, Strip12_YShift, Strip13_NCC, Strip13_XShift, Strip13_YShift, Strip14_NCC, Strip14_XShift, Strip14_YShift, Strip15_NCC, Strip15_XShift, Strip15_YShift, Strip1_NCC, Strip1_XShift, Strip1_YShift, Strip2_NCC, Strip2_XShift, Strip2_YShift, Strip3_NCC, Strip3_XShift, Strip3_YShift, Strip4_NCC, Strip4_XShift, Strip4_YShift, Strip5_NCC, Strip5_XShift, Strip5_YShift, Strip6_NCC, Strip6_XShift, Strip6_YShift, Strip7_NCC, Strip7_XShift, Strip7_YShift, Strip8_NCC, Strip8_XShift, Strip8_YShift, Strip9_NCC, Strip9_XShift, Strip9_YShift, XShift, YShift
1, 0.9705473184585571, 51, 0.9832843542098999, -3.0003750056183804, 19.001252243282213, 0.9807808995246887, 2.99953649763124, -1.0004334721005534, 0.9804419875144958, 2.9985566285638754, 1.0007367140293013, 0.9785602688789368, 1.0009122491618996, 3.0008769202067356, 0.9823168516159058, 0.9988771548896551, 2.0016041348297335, 0.987247109413147, -80, -60, 0.9861445426940918, -75, -28, 0.9836704730987549, -3.0006497349729386, 20.000788404261463, 0.9808616042137146, 8.999285572974827, -39.99965568514381, 0.9834802150726318, -2.0005188642400498, 17.999335537449667, 0.98213791847229, -0.0001212782520667588, 14.999787877253311, 0.9825709462165833, 55.0002229842226, 54.99969049431397, 0.9828999638557434, -0.0008118173099518344, 2.0002555654641583, 0.9792641997337341, 0.9998169482752246, -1.0008045859371464, 0.9827747941017151, 1.0002950323998476, -3.000805190508629, 0.9809614419937134, 2.9985564638042774, -2.9995654588357183, 53, 108
2, 0.9696341753005981, 52, 0.9821092486381531, 1.9999968970516449, 15.998736256682868, 0.9814695715904236, 0.0002012818310674902, -9.001680173425598, 0.979490339756012, -0.9999472576080279, -7.998845910942634, 0.9800022840499878, -2.9984864205263477, -7.998539007745876, 0.9786782264709473, -2.9978078322314587, -8.001449268859574, 0.9712700843811035, -3.0017842738210163, -7.997995842919977, 0.9769057631492615, -7.000239979338147, -19.99981536003304, 0.9831755757331848, 0.999396773974695, 15.000616143556805, 0.9794911742210388, -81.99928690992365, -39.00060899276059, 0.9839368462562561, -0.0001243419476679719, 10.999556576227732, 0.9828582406044006, 1.999625956273448, 10.000620956863258, 0.9812552332878113, 64.0002526902639, 48.001019155418135, 0.9828507900238037, 0.0010391388813530966, 2.0000231737226954, 0.9808030724525452, 0.9999709311079243, -2.000944937887425, 0.9825652241706848, -0.9990911047281372, -5.999331470941456, 0.9806616902351379, -1.9994525901500992, -6.00169732398092, 55, 49
3, 0.9724493622779846, 53, 0.9838602542877197, 3, 25, 0.981704831123352, 0.9999073233571352, -1.0024603159844219, 0.9823916554450989, 0.9995667280875438, 0.0008080533061729511, 0.9810612797737122, -0.0008010878929951559, 0.9986463311162197, 0.9796868562698364, 0.001818497744508818, 0.9980307228286733, 0.975732147693634, -0.00021954140508739783, 0.005887086474501757, 0.9699074625968933, -0.000848982219423533, -0.001399017812332204, 0.9835968613624573, 0.00011802849772379886, 26.000988765570455, 0.9798347353935242, 24.99980070384136, -24.999850173180945, 0.9841742515563965, 2.000345656751307, 21.999588863168967, 0.9824681282043457, 0.999870524063283, 16.999768608096304, 0.9814799427986145, 84, 58, 0.9820295572280884, 0.0012618834893487474, 2.0018518894040938, 0.9809186458587646, 2.0003159700582813, -1.0005936225713867, 0.9820201396942139, 0.0007655151552086181, -2.9997424067166207, 0.9811084270477295, 6.000080398891399, -19.000536891045442, 54, -34
4, 0.9669135212898254, 54, 0.9900016188621521, -0.0002068892234916575, 0.0007466695226767683, 0.9836786985397339, 1.0002859774451736, -1.0024427708212897, 0.9832252860069275, 0.00012143358051730502, 0.00014173368782621765, 0.9809523820877075, -2.9995254238209554, 1.9997903442360894, 0.9804813861846924, -6.00019198212928, 4.999634174507264, 0.9793556332588196, -8.000844902528613, 7.002226968832019, 0.9731257557868958, -8.999987902728108, 8.005324975821964, 0.9847506880760193, 4.000307912551094, 16.00059428239542, 0.9798994064331055, 30.999422451522065, -26.999538211797358, 0.9845885634422302, 3.000190238735499, 15.000245761307468, 0.983386218547821, 3.9994059460145337, 12.99906037170993, 0.9823192358016968, 4.002737841359604, 11.000507205406564, 0.9818931818008423, 1.9987873042533266, 3.9992156734090827, 0.9809523820877075, 1.00097243192576, 2.999162196519393, 0.9832366108894348, 1.999529042628211, -0.9996978944212742, 0.9830548167228699, 1.9988105756863774, -1.9997873701736921, 53, -74
5, 0.9688040018081665, 55, 0.9900016188621521, -0.0002068892234916575, 0.0007466695226767683, 0.9851682782173157, 3.000356786322115, -6.001538574117546, 0.9834474921226501, 1.000759845788707, -4.999207091589824, 0.980472981929779, -1.0001995454400117, -2.998116061419637, 0.9811483025550842, -0.9989486935337055, -0.9987239555813971, 0.9775001406669617, -1.0010805920023103, 2.003599738435753, 0.9726777672767639, -0.9969131612270274, 1.9973755111061564, 0.9900946021080017, 91.00032807096065, -45.999981436754894, 0.9798970818519592, 30.000749725633085, -29.99941287982466, 0.9858750700950623, 15.000187322992218, 15.000085375722776, 0.9840471148490906, 13.999358906176425, 12.999384670433614, 0.9835386276245117, 11.000468974516181, 7.999977757272347, 0.9826669096946716, 7.999576118018254, -0.9984092611003348, 0.9824260473251343, 7.000177798017688, -4.000967915594174, 0.9834339022636414, 5.001754091173623, -6.999714277147177, 0.9837227463722229, 4.999011028331481, -7.001952775785753, 28, -96
6, 0.9721496105194092, 80, 0.9831828474998474, 6.000100021500273, 17.999487206778717, 0.9815695285797119, 3.0002088421656623, -3.0006305968229867, 0.9810366034507751, 4.000439603331941, 1.0008516462902435, 0.9821385741233826, 0.9991494256566682, 3.9999727210995957, 0.9812553524971008, -0.0006086273112373419, 6.001746818388199, 0.9858980774879456, -81, -60, 0.9861445426940918, -75, -28, 0.985133171081543, 6.999251129235148, 19.999597728625574, 0.9793888926506042, 7.000283639493844, 20.999676971241882, 0.9845617413520813, 7.000268851292233, 18.999689603220105, 0.984566330909729, 6.000460555623704, 16.00079487709837, 0.982069730758667, 4.000925145070994, 7.999731295272795, 0.9835636019706726, 1.0013837201341147, 1.002954843384714, 0.9826032519340515, 0.0012356677785874126, 0.998195001540239, 0.9834579229354858, 0.0002909529777497255, -3.999164978891372, 0.9811513423919678, 0.9991321730652061, -4.000860796828192, -82, 94
7, 0.9742913842201233, 81, 0.98500657081604, 0.00011547050903004674, -0.9999316027889336, 0.9838119149208069, -4.999415487042384, -2.0008833085807964, 0.9824079871177673, -4.999823063635304, 0.0003691059877724001, 0.9832878112792969, -4.998898983897291, 0.001182979169641385, 0.9784258604049683, -4.99893427164524, 0.9991271037856109, 0.9822260737419128, -85, -60, 0.9861445426940918, -75, -28, 0.980711042881012, 0.0006462801089384129, 0.9987538394237205, 0.9843217730522156, 1.0001912588619177, -0.005059430629856365, 0.9854024648666382, 1.9996714722994682, 0.9993229269672099, 0.981249213218689, 0.9997485458471971, 0.0013337225155964916, 0.9823954701423645, -1.9987711960532693, -2.0005542574858453, 0.9840248227119446, -3.9993720707559817, -2.997923869089533, 0.9826382398605347, -4.999686302430206, -3.001309391811617, 0.9841052293777466, -5.999044892281205, -4.999858637967634, 0.9826912879943848, -5.000127559203449, -5.000995733303171, -77, 83
8, 0.9726787805557251, 82, 0.9858790636062622, -5.000455708339658, -0.9999741773926161, 0.9824100732803345, 0.0006879079542443378, -10.00138212860952, 0.9813882112503052, -2.000307474044263, -9.000740031806572, 0.9814479351043701, -4.997894622465296, -6.998352009406403, 0.9796229004859924, -4.000726952795887, -6.000036539987434, 0.9765850901603699, -93, 59, 0.9861614108085632, -75, -28, 0.979703962802887, -0.9991759214976668, 0.9989482494892883, 0.983342170715332, -0.9977533355251325, 0.9934854554165895, 0.9850455522537231, 1.9991350228596758, -1.9991370338231604, 0.9824153780937195, 2.000814235597744, -2.999368104911639, 0.9834676384925842, 1.0016003127778106, -7.002819099903604, 0.9803334474563599, 0.0006784602283858021, -10.000193404251007, 0.9824172854423523, 0.9992618244725975, -11.999568218545107, 0.9836824536323547, -0.0008551204611677576, -11.999628695731644, 0.9824557900428772, 0.9995829004238033, -12.000164006183695, -76, 68
9, 0.9706799387931824, 137, 0.9900016188621521, -0.0002068892234916575, 0.0007466695226767683, 0.9822986125946045, 2.000304787929153, -1.0009615710424669, 0.9803125262260437, 0.0007855589381193795, 2.0014344965900364, 0.9800940155982971, -0.9987487688333516, 7.999804992812642, 0.9788609147071838, -3.998191236007841, 11.999603320451627, 0.9783826470375061, -5.0005639771562045, 11.999981850701317, 0.9764829277992249, -87, 57, 0.990983784198761, 89.00002504589092, -46.99994885419862, 0.9896336793899536, 100, -15, 0.9818857908248901, -0.9995476056051018, 13.000262725798606, 0.9822292327880859, 2.0007936876960883, 13.001158859473605, 0.9803663492202759, 86.00017370589265, 37.999675056361696, 0.9811731576919556, 0.9999820503673931, 2.0017844817013497, 0.9817377328872681, 0.001061066765743135, -0.0005229964918385122, 0.9816451072692871, 1.0003960250900263, -2.0003762402199072, 0.9795041084289551, 10.99871726172762, -16.999868522972292, -58, -127
10, 0.9739841818809509, 156, 0.9831197261810303, -7.0000213466325505, 6.99915335640447, 0.9857156872749329, -1.000234061053206, -4.55908524941151e-05, 0.9828721284866333, -1.0003735918287049, 7.000970592988153, 0.9814114570617676, -2.0006734645501325, 11.00007688044991, 0.980702817440033, -4.000627998973826, 19.000590641429767, 0.9789158701896667, -5.001715961933527, 22.998153828210548, 0.970766007900238, -8.00100531119638, 30.00334459122206, 0.984263002872467, -5.9990535526204525, 13.00363220412958, 0.9795780777931213, -2.99927272333683, 14.999880980646353, 0.9841218590736389, 0.9988733200200812, 14.999509913354728, 0.9840961694717407, 2.999246252956439, 12.999796985501604, 0.9828060865402222, 2.999284469512645, 8.000994057805087, 0.9829469919204712, 2.000375237481677, 1.9999978932371505, 0.9821472764015198, 0.9997064893710217, -1.0012926683432397, 0.9832693338394165, 0.0005684892226298643, -2.9981128473798435, 0.9812942743301392, -1.0000412033035246, -2.000877610671637, -74, 1
11, 0.9746230244636536, 157, 0.9826692938804626, -4.999912543690371, 9.997265950840426, 0.9849537014961243, 1.9989422054382544, 0.9988782843602735, 0.9830204844474792, 1.000916915250997, 5.000791041339767, 0.9822284579277039, -0.999029533977037, 7.9993200299164755, 0.9817150831222534, -1.0001049777214348, 10.00112696442983, 0.9804776310920715, -0.9996505357337782, 12.997840589682653, 0.9725354313850403, -0.9975450695456374, 13.003300707345375, 0.984260082244873, -3.998758125574483, 13.004143169305074, 0.9773260354995728, -0.9988197959588234, 15.000469932920794, 0.9859469532966614, -0.00042940637376887025, 15.000797328913976, 0.9840722680091858, -0.0004606314670070333, 13.00049346790081, 0.9822912216186523, -0.0007435390483294668, 6.00071927570346, 0.9846833944320679, 9.033605707031711e-05, 0.001290837331282546, 0.9823806285858154, -0.00024127449127320233, -2.0001174819872176, 0.9844104051589966, -0.00033682605351259554, -1.9985426646903193, 0.9829299449920654, 0.999051934740109, -2.000759988311529, -63, 21
12, 0.9739454984664917, 158, 0.9842904210090637, 7.999719409938834, 15.998899458788316, 0.983608603477478, -1.0000791584598545, -1.9998643688406332, 0.982691764831543, -2.9989975839295084, 1.0008194673492312, 0.9821094274520874, -4.9979434062952635, 2.0010381292081547, 0.9810647964477539, -5.998499142126192, 3.0007486930519462, 0.9807467460632324, -6.99975308821341, 4.002008376597985, 0.9738921523094177, -5.001162821254127, 3.9995975038627307, 0.985063910484314, 6.999040879774995, 16.99976422013509, 0.9777171611785889, 21.001228911858703, -27.99968994671923, 0.9861343502998352, 7.999434627739731, 15.000208936575618, 0.9839696884155273, 7.000283229267737, 12.00057153933136, 0.9814774990081787, 6.000509188165324, 6.999852206492022, 0.9819545149803162, 3.999730538000108, 2.001744733196915, 0.9824939370155334, 1.999381328054298, -1.0026651484657805, 0.984108567237854, 0.0014567674256937835, -2.999280595400819, 0.9826936721801758, -1.0001360132457933, -3.000925570637662, -69, -4
13, 0.9742172360420227, 159, 0.9825139045715332, 1.0009006847171378, 8.996962133689035, 0.9824562072753906, -0.00012206085693833302, -0.0015854056280772966, 0.9820262789726257, -1.9994181530754247, 2.000011327013283, 0.9822461605072021, -3.999291053334673, 2.999634611576539, 0.980303943157196, -6.000949527467085, 3.9994401603297547, 0.9781656861305237, -9.000154845263168, 5.0018752391042085, 0.9740235209465027, -93.99963562972385, 48.000056395608055, 0.9815616011619568, 0.9991564294573863, 11.003148828814574, 0.9789247512817383, 11.999670574791864, -23.999698176145316, 0.9833430647850037, 2.9994734350051715, 6.000363929153906, 0.9822781085968018, 2.000672764097928, 5.998819168057196, 0.9819588661193848, 3.0011147762992465, 1.9995364344368056, 0.9825490117073059, 1.9995227909308397, -0.9985695594703827, 0.9828541278839111, 0.0008147360980643725, -3.0010756752536167, 0.9833159446716309, 0.0013564095608273874, -2.998683409441071, 0.9817273020744324, 0.0003420196337344805, -3.000027316896137, -74, -31
14, 0.974123477935791, 160, 0.9884777069091797, -0.0006941056932561196, 8.571969960158299e-05, 0.9832448363304138, 2.0011704892468316, -2.001588422923419, 0.983060896396637, 1.0014960015554522, -1.20655057003205e-05, 0.9827524423599243, -6.471774769067906e-05, 0.9990585513768337, 0.980795681476593, -1.9990298988440145, 1.0019500098328535, 0.9799774885177612, -3.001304284561698, 2.003364471350096, 0.975629985332489, -3.9998567097376565, 1.9993085709150478, 0.9836660623550415, 3.998909144715171, 12.005250750657538, 0.9789302945137024, 4.999865733585878, 12.997965347533949, 0.984207808971405, 6.000474548779607, 10.000427718396992, 0.9835968613624573, 5.999538471747016, 6.000725148295487, 0.9824925065040588, 3.0016578484848395, 0.0001664960152538697, 0.9820889830589294, 1.0005219192813115, -4.99924940148054, 0.982753336429596, -0.9994223493468155, -7.001136836385001, 0.9831663370132446, 0.0006504146286516743, -6.998497441761003, 0.9829350113868713, 1.0001424661914768, -5.000526655581098, -83, -61
15, 0.9721103310585022, 161, 0.9900016188621521, -0.0002068892234916575, 0.0007466695226767683, 0.9845122694969177, 3.999887779271603, -2.000381704988172, 0.9834100604057312, 2.999547171461302, 0.0008442728234854258, 0.9826109409332275, 0.999998124657921, 0.0012036899196345985, 0.9778656363487244, -0.9986849414874115, 1.0002133676436529, 0.9784647226333618, -4.0003581367869145, 1.0040644496106097, 0.9729875326156616, -88.00163896014118, 46.000007862513996, 0.9831587076187134, 23.99930205147527, -46.99939659659172, 0.9794991612434387, 6.9999473970968324, -0.005135652560710469, 0.9836536645889282, 8.999903166586407, 2.002319495502263, 0.9829056262969971, 9.000156518268739, 1.000295599309169, 0.9823233485221863, 7.000428745796242, -4.0000619341464585, 0.9820728302001953, 4.9997101064469405, -4.99971419292001, 0.9822344779968262, 3.00001902264259, -8.00047619644971, 0.9837155938148499, 3.001430518004767, -5.998933430988586, 0.9837617874145508, 3.0005535529620175, -4.999998016666268, -94, -77
16, 0.9727170467376709, 162, 0.9900016188621521, -0.0002068892234916575, 0.0007466695226767683, 0.985521137714386, 2.0003429787052625, -3.00175465900611, 0.984149158000946, 0.9996061130808442, -2.9992955694604575, 0.9833621382713318, -0.9989607441688833, -2.997181147337983, 0.9795965552330017, -2.9981393092087103, -2.001332964938797, 0.9781500697135925, -4.000973261212906, 0.0035564295527024115, 0.973648190498352, -4.001572091387587, 0.9996719430684493, 0.985813319683075, 34.99979009455015, -45.999018736092864, 0.9774631857872009, 14.000176297774402, -24.99937786501644, 0.9849217534065247, 6.001095643763236, 7.00165775551649, 0.9837382435798645, 5.999328891075876, 6.000440050351443, 0.9838953614234924, 6.002276048786101, 3.9997199903600915, 0.9830688238143921, 4.001228166654968, 2.000199376322797, 0.9817454218864441, 2.999439753918452, 0.9961937976129889, 0.9842885732650757, 2.0007806439930818, -1.0003401612556786, 0.984307587146759, 2.000707067365255, -2.998963261757069, -105, -87
17, 0.9711296558380127, 163, 0.9900016188621521, -0.0002068892234916575, 0.0007466695226767683, 0.9846853017807007, 2.9993824234149997, -6.0010033866570325, 0.9831576347351074, 2.9991823017782053, -3.0006595120509587, 0.9833205938339233, 3.000200172925844, -1.0005874184183199, 0.9799593687057495, 1.0011955305295146, -0.9995572056421338, 0.9784896969795227, -0.0013300506729905237, 0.003925429431205885, 0.9697002172470093, -88.99800177275131, 55.00059469755007, 0.9870397448539734, 15.99984247452015, -46.00021025542328, 0.9796770215034485, 2.0011359058509157, -2.0045967160749, 0.984539270401001, 2.0004865998051713, -5.000225843208341, 0.983749508857727, 1.9988619213150116, -10.00035401969592, 0.9848466515541077, 1.0001898767462478, -13.999615525583522, 0.9822645783424377, 0.9975975044834229, -15.00048249384298, 0.9836583137512207, -0.00020172838812015925, -13.00080332715163, 0.9847123622894287, 1.0006728676635959, -11.998541410125881, 0.9843136668205261, 1.9998906008001285, -10.999849594538887, -110, -90
18, 0.9700173735618591, 164, 0.9900016188621521, -0.0002068892234916575, 0.0007466695226767683, 0.9844127893447876, 2.0003092188622276, -5.000340805084591, 0.9840958714485168, 0.9987338584890466, -2.9996103710128637, 0.9817487597465515, 2.0001622468092535, -0.9992533719498056, 0.9786557555198669, 1.0011159559074514, 2.000219232744371, 0.9795677065849304, 1.0003041463986193, 7.002867709276529, 0.9758980870246887, 2.9985218190962684, 11.001641140169795, 0.990983784198761, 89.00002504589092, -46.99994885419862, 0.9834909439086914, 25.99992512464155, -24.998873258411876, 0.9859907627105713, 12.000953106200797, 20.000576921782653, 0.9842004776000977, 10.9997216916572, 17.00021090195267, 0.9837764501571655, 8.999847787279421, 11.999547037780872, 0.9825162887573242, 3.0015960369468218, 2.001238633381405, 0.9826804399490356, 0.9994690521922536, -1.0012342974717967, 0.9854922294616699, 1.0005291429244068, -3.9993023796885154, 0.984451174736023, 2.0000473536474317, -5.001088218560767, -118, -112
19, 0.9710664749145508, 165, 0.9900016188621521, -0.0002068892234916575, 0.0007466695226767683, 0.9843698740005493, 1.9993709503195731, -8.00113466091318, 0.9835420250892639, -0.00019782389185252214, -5.00000926696373, 0.9811285138130188, 2.0004449423667836, -1.9988107725087616, 0.9802155494689941, 2.001003682443681, -0.9986736307999422, 0.9784887433052063, 1.9993802047286522, 1.002190261548833, 0.9731032252311707, 1.0013073409701718, 1.0001582591942793, 0.9902113080024719, 88.99988835827827, -46.99991014228374, 0.9857379794120789, 11.000520341271951, -7.001255946080363, 0.9850199222564697, 11.999709956755822, -7.9989720745199975, 0.9838985800743103, 12.000213405665193, -10.999118138071452, 0.9856933355331421, 10.998962777567812, -14.000137220144893, 0.9818676114082336, 8.998454897689712, -15.000706361663333, 0.983689546585083, 6.999869480523884, -15.001325781338892, 0.9856607913970947, 6.0009527756885745, -13.999585841990324, 0.9834173917770386, 3.9986977884871067, -12.001867337457725, -118, -96
20, 0.9685675501823425, 166, 0.9900016188621521, -0.0002068892234916575, 0.0007466695226767683, 0.9843242764472961, 5.000538567638273, -15.000462591920154, 0.9823873043060303, 4.998844030177381, -12.999560982118055, 0.9779762625694275, 4.00090328038425, -7.998513967461918, 0.9780440926551819, -30.999361104238176, 29.00048707668043, 0.9774781465530396, 2.0008825804428056, -2.9973456206176934, 0.9730326533317566, -81.00048778638813, 41.00335428990013, 0.990983784198761, 89.00002504589092, -46.99994885419862, 0.9900334477424622, 90.0003871767031, -12.999489057346764, 0.9858559966087341, 15.00023849924446, 11.99988545552418, 0.9845201969146729, 15.000117375997078, 8.0010921736272, 0.9836590886116028, 13.000365504808585, -1.9998848185136922, 0.9812381863594055, 9.000465300186463, -6.99781077311934, 0.9829320311546326, 6.998627016806012, -12.001182717130234, 0.9849141836166382, 6.001647699356056, -14.999297186817614, 0.9852243661880493, 6.999615143816143, -17.001188557097407, -128, -128
21, 0.9718340635299683, 194, 0.9821633100509644, -2.0009914985555213, 19.000230892254617, 0.9852771759033203, 2.0005150435439703, -0.0005945490341332516, 0.983658492565155, 1.9990205051443724, 3.001026057670231, 0.9827755689620972, 0.0015964275609121614, 4.999110680857768, 0.9801533818244934, -0.0002542306374380132, 6.00226387673672, 0.9803295731544495, 9.737713240554058e-05, 6.002632791582755, 0.985902726650238, -75, -28, 0.9838464260101318, -2.0005846047518077, 18.000596001361707, 0.9813680052757263, -78.00064414828822, -49.00065595691524, 0.982768177986145, -1.9993842268656437, 16.999152512954467, 0.9817038774490356, 0.00020366490311118923, 14.000453104171044, 0.9800268411636353, 0.0010254728526177814, 9.00130018120376, 0.981719434261322, 1.000946278527124, 4.000173317522297, 0.980763852596283, 1.0011037229197939, -0.0013642668999978014, 0.9822146892547607, 1.0002056131915396, -1.9985527976623416, 0.9826057553291321, 1.9996806536288716, -0.999118961997624, 44, 67
22, 0.9728505611419678, 195, 0.9829651117324829, 0.9996211064460283, 11.999918286735593, 0.9851722717285156, 2.0004855424021315, -0.0001740081340813049, 0.9831842184066772, 2.000669048771826, 3.9988731506273325, 0.9820823073387146, 1.0012482735053823, 4.999960839439666, 0.9789085388183594, -0.0008060061405501528, 9.002253262861814, 0.9807987213134766, -2.000809273673511, 11.9995261952389, 0.9770892858505249, -99, -28, 0.9857743382453918, -0.00035832937480506644, 15.001902885058648, 0.9802279472351074, 2.9999621118437716, 15.998283729201148, 0.985249936580658, 2.999303640853668, 12.999765439929973, 0.9832364916801453, 3.000154377745943, 9.999994861174713, 0.9829241633415222, 2.9986844775063446, 5.000950144335775, 0.983917772769928, -0.00034677286593876033, 0.0009287140977676245, 0.9842982292175293, -2.999229265414428, -3.0002985669241866, 0.9845484495162964, -3.9992814423549277, -3.9986423562755817, 0.9827460050582886, -0.9991279125681416, -1.9999080437729049, 44, 48
23, 0.9748671650886536, 196, 0.982194185256958, 1.9998138379626056, 16.000711513392595, 0.9846751689910889, 0.0009817476330482577, 1.9994569596451583, 0.9849713444709778, -0.0013335372190539374, 5.001059956688039, 0.9836747646331787, -1.9988974682186438, 6.998939265443482, 0.9834862351417542, -2.001530185510674, 8.001537265442778, 0.9814603924751282, -3.0006778696538277, 8.999214817660175, 0.9717325568199158, -1.0002695752184536, 9.000023135121637, 0.985974907875061, -0.0012417364948618115, 17.000844311089764, 0.9813992381095886, -0.9989121561020369, 15.99912460085767, 0.9868398308753967, -0.0010537225463451705, 12.999918070877868, 0.9853067994117737, 0.0003742163594182557, 9.999488225973238, 0.985023558139801, 0.0012220586476274775, 5.000342936745909, 0.9855476021766663, -0.00042661605367300126, 0.0014074594272699414, 0.9855477809906006, -0.9989768335136233, -2.00128573533226, 0.9860208034515381, -0.001673890862420535, -2.0001656969570263, 0.9838479161262512, 0.00044447197936392513, -0.9996070852679395, 44, 27
24, 0.9740369915962219, 197, 0.9819208383560181, 1.9998850717992696, 18.99500099435552, 0.9869517087936401, 0.9993794420560107, -1.9996189592988003, 0.9852066040039062, 1.000788742047746, -0.9986331810448519, 0.9826844334602356, 2.000683198365266, 1.9999099108102882, 0.983015239238739, -6.0150618821808166e-05, 5.00279936005245, 0.9812334179878235, -1.0015130963882655, 9.00016363803502, 0.9783852100372314, -1.0025425075270533, 12.001157431262868, 0.9867790937423706, 1.9998519524336444, 21.001092898357918, 0.9810349345207214, 4.0005195924861, 21.999220642349655, 0.9867261052131653, 5.000540818627584, 21.998842907646576, 0.9859049916267395, 5.999560777715956, 20.998367941721085, 0.98457932472229, 4.001409804517181, 16.000114065766866, 0.9839571118354797, 1.9997259759782224, 8.002456491655437, 0.9829696416854858, 1.0008942663193778, 5.998530064943196, 0.9859692454338074, -0.0013207013448237603, 0.9988048684966202, 0.9851772785186768, -0.999273303780754, -1.001135386308647, 39, -3
25, 0.9760194420814514, 198, 0.9863174557685852, 4.000494124983959, 8.997315274456273, 0.9871565103530884, -0.9996206517300976, -0.9993657890702252, 0.9864794015884399, -0.9994766428653321, 0.9997031332371762, 0.9854229092597961, -0.9990791116386362, 3.0001119441280366, 0.9845545291900635, -1.9996496109939699, 5.002642299682009, 0.9846676588058472, -3.002428741823863, 7.003118918789312, 0.9792335033416748, -5.004213396600207, 8.004220644858549, 0.9873784780502319, 2.9995651765499503, 13.005360728427846, 0.9842450022697449, 4.001968558321565, 14.999320897124676, 0.9884905815124512, 4.000120886050695, 14.000518013815707, 0.987265944480896, 4.000166156580391, 11.999634412812725, 0.986847460269928, 3.000392353203239, 7.999683477421627, 0.9856192469596863, 1.9998172131219007, 3.0005817555738474, 0.9862930774688721, 1.0000763142430174, -0.0019483593352447315, 0.9875521659851074, 0.9986138161989402, -1.0009990477420843, 0.9859632849693298, -0.00013978942874359745, -1.998944891165138, 27, -13
26, 0.9747347831726074, 199, 0.9876238703727722, 9.000298186462857, 12.997755859336394, 0.9875425100326538, 0.9997658774444602, 2.0002878170748772, 0.9869400262832642, 1.9992398288838586, 6.00196438960586, 0.984419047832489, 2.9990706457272296, 10.999862646438885, 0.984018087387085, 2.9983414861313804, 16.000919950892182, 0.9835410118103027, 1.999664179422794, 19.999480009838464, 0.9802348613739014, 0.9983818169574619, 22.998208229507043, 0.988215982913971, 7.9986379046327585, 14.002999741236941, 0.9816389083862305, 7.99936183374551, 13.998396458262462, 0.987831711769104, 7.999992118758911, 10.999607560863211, 0.9879050850868225, 7.999388928095499, 8.00014695584872, 0.9868707060813904, 5.001253444060069, 3.9999393779269212, 0.9857897162437439, 2.9991649029359877, 0.002255174645426905, 0.9869878888130188, 0.0008435714225214497, -1.0026628100474682, 0.9883456230163574, -0.0016198522243939806, -0.9999489785851665, 0.9870879054069519, -0.0022630943140313775, -0.00048545412124667564, 8, -21
27, 0.9768949151039124, 200, 0.9884052872657776, -1.0007318146984687, 10.998319118330414, 0.9886685013771057, 0.0005190524255169748, 1.000201600969774, 0.9874137043952942, -2.999400313157878, 4.000361350297965, 0.986176073551178, -5.998418054607626, 6.9993174013631005, 0.9876103401184082, -8.000900989414959, 10.001001343350595, 0.9867549538612366, -9.99995806636204, 12.999402352487209, 0.9803069829940796, -10.998193993437326, 14.999330346574766, 0.9898349642753601, -1.9992154928233674, 13.002411693593984, 0.9838196635246277, -2.000084058931961, 12.996574090349654, 0.9891901016235352, -3.000527053291364, 10.000706220809406, 0.988385796546936, -3.999167722587444, 7.0016679495603, 0.9881191253662109, -3.0004780079700737, 2.998468300207719, 0.9882428050041199, -1.998959842701609, 0.00010969970384167027, 0.9883989691734314, 0.0008350142308870545, -1.002636945858285, 0.9894249439239502, 0.9998783985053024, -1.0001585643749422, 0.9885069131851196, 0.9999567753864795, -0.0009284571680154841, 12, -8
28, 1, 201, 1, -0.00016303469139700155, -0.00035382359317281953, 1.0000001192092896, -2.619665806946614e-05, -0.0001318329684067976, 1, -0.0004747260993411828, 0.000500453259007827, 1.0000001192092896, 4.507298105238533e-05, 0.00028704881140129146, 1.000000238418579, -0.00023187549447811762, -0.0003754098948434148, 1, -0.0004211190451286484, 0.0048958511468413235, 0.9999999403953552, -0.00020436272012602785, -0.001129900086652924, 1, 0.00011156238271325947, 0.0010880224366829339, 1.0000001192092896, 0.00025457080117519126, -0.006086357625093797, 1.0000001192092896, 6.6740576301072e-06, 0.0005142676128286894, 1.0000001192092896, -0.00023685328437750286, 0.0007132880176925482, 1.0000001192092896, 8.997432985324849e-07, -0.00028673487639707673, 1, 0.0001105587261065466, 0.0003665561024490671, 1.0000001192092896, -4.7036678850531644e-05, -0.0012303032249860735, 1.0000001192092896, 0.00024102437524220477, 0.00046999222996646495, 0.9999999403953552, -0.00011449164745158669, 0.00016310093502625023, 0, 0
29, 0.9767593741416931, 202, 0.9890927672386169, 3.999818863005032, 6.997717179135144, 0.989544153213501, -0.0012311701568279432, -0.0013417670044191254, 0.9885990619659424, 1.0017180857421266, 2.001028381157994, 0.9887486100196838, 2.0013707518367454, 4.000119023943, 0.9875282645225525, 1.9980732258293017, 5.006729486563756, 0.9849430918693542, 1.9966484885087112, 5.0029233920266165, 0.9754530191421509, 1.0021927097528902, 4.007835232987929, 0.9883963465690613, 2.000736416178853, 10.004551116173381, 0.9851688742637634, 1.9996804384566644, 10.998698566812749, 0.9900420904159546, 2.000674278993017, 8.999655889555697, 0.990097165107727, 2.9994030356282906, 6.999873204840526, 0.9883977770805359, 2.0010622534919804, 2.9998015066938706, 0.988205075263977, 0.0016178161782391953, -0.9966600922596456, 0.9893754720687866, -1.0001332378193695, -2.000401544139436, 0.9885074496269226, -2.001387416634131, -2.0019788268626826, 0.9881648421287537, -2.0006812166247414, -1.999473354008046, 2, -23
30, 0.974912166595459, 203, 0.9872402548789978, -0.0002479218600370814, 0.0014520217374283106, 0.9889103174209595, 0.9998596459370788, -2.9988630334128175, 0.9880956411361694, -0.0005116832929132897, 0.00015077727903189952, 0.9879767298698425, -1.9982303175461027, 2.001003025928185, 0.9867087006568909, -3.997474428235961, 5.003019712236608, 0.986190915107727, -4.999249841789947, 8.003508657344582, 0.9804983735084534, -5.00153882348954, 9.997575093574937, 0.9893520474433899, 1.9999503307054454, 17.99983694336978, 0.985897958278656, 2.0008600533016505, 18.999194843104448, 0.9901278018951416, 3.00016983174514, 18.998743622165208, 0.989513635635376, 3.0008824872876403, 17.00017766080461, 0.987297534942627, 3.0001531850608956, 12.001105463517348, 0.9868701696395874, 1.002099836403275, 6.000710696271881, 0.9882757663726807, 0.9997953487166029, 1.0002183140237548, 0.9891286492347717, 0.9990196078279041, -2.998486527175089, 0.9876314997673035, 1.0006854108761871, -4.000996387494354, -1, -56
31, 0.974811851978302, 204, 0.9885221123695374, 0.00020195940066969342, 4.99760278670346, 0.9857953786849976, 1.9975346778438308, 2.9990581492381807, 0.9874193072319031, 3.000462794680132, 7.001133538717681, 0.984480619430542, 2.9995851752951666, 9.001239395917992, 0.9858249425888062, 1.0018674954748263, 10.003284693898877, 0.9855080246925354, -0.9992761997154957, 10.00017185593515, 0.9806702733039856, -1.0003531260130245, 9.007186291270386, 0.9835091233253479, 1.9990997713308474, 8.005129267896272, 0.9816933274269104, 2.999744036461081, 6.999347761015827, 0.9896917939186096, 4.000836818739032, 4.998869831010694, 0.9887213110923767, 4.000497625528354, 3.000758885615312, 0.988276481628418, 2.9995805900529433, 1.0013881381772478, 0.9879182577133179, 1.0011852994592516, -0.0006528594346946193, 0.9880460500717163, -0.9977587539696202, -1.0006205460159663, 0.988896369934082, -1.001114335008097, -0.9998870384507654, 0.9876962304115295, -0.0019207237479292871, -0.0012225991670220537, 0, -56
32, 0.9765181541442871, 205, 0.9884191155433655, -1.0002298335410273, 1.0003642065397145, 0.988789975643158, 1.9999969883937894, -0.9988863739461067, 0.9880641102790833, -0.00024954351314931955, 0.0016033235826284908, 0.9867185354232788, -2.0007066469443515, 0.9996532629448893, 0.9861250519752502, -4.002002699068129, 3.000437782971744, 0.9835590124130249, -4.001059189498378, 5.002545673745487, 0.978122353553772, -2.0009636259552224, 7.004000530385554, 0.9886116981506348, 0.9993269995410259, 12.004473164240565, 0.9859052896499634, 1.996857190599357, 12.003353407043264, 0.9891222715377808, 2.00043796927109, 11.999894778955039, 0.9880781769752502, 2.9996015236889946, 10.000583194816045, 0.9874325394630432, 2.0002067968003274, 6.000604765961128, 0.9866267442703247, 0.9999970193056669, 1.0036394252675223, 0.9874937534332275, 0.9991086025887341, -0.0011922484709430137, 0.9879037141799927, 0.9985661755928419, -1.0005146270125351, 0.986897885799408, 1.9986911992293983, -1.0012164339278797, -2, -61
33, 0.9710764288902283, 206, 0.9898133277893066, -4.083945292165936e-05, 0.0008876653183911287, 0.9880069494247437, 3.9987762668147724, -9.999301141788806, 0.9866852760314941, 2.999702234653469, -6.997479871220776, 0.9849713444709778, 1.0018127367381737, -2.997953707142358, 0.9841572642326355, -0.0005901808208221837, -0.000503978737469879, 0.9842621684074402, -1.000766619285983, 1.0072867837889135, 0.9751396179199219, -0.0003819167129819334, 2.003840810481279, 0.9860760569572449, 6.001294710956998, 7.004658543812241, 0.9826970100402832, 6.003150929845205, 6.996823808303873, 0.9894124865531921, 6.999137539900204, 4.000726562328339, 0.9872008562088013, 6.0004857763193655, 2.000175169250781, 0.9873968362808228, 5.002241733637291, -3.0020790457605244, 0.9868652820587158, 4.998465877609107, -7.99910452952804, 0.9870818853378296, 4.99828258316947, -12.99861608080613, 0.9878113865852356, 3.999324043890468, -13.001919457614292, 0.9873160123825073, 3.9981663499983284, -13.000887258499176, -6, -67
34, 0.9735801815986633, 235, 0.9849326014518738, -2.998320705459861, 0.999547225969291, 0.9843804240226746, 7.999445992866228, -7.99932844840464, 0.9814914464950562, 8.998855859584609, -2.9992721437801038, 0.9812162518501282, 8.000444463316086, 1.0001485453541363, 0.9803686141967773, 7.999602317259331, 3.000714606236329, 0.987247109413147, -80, -60, 0.9861445426940918, -75, -28, 0.9808732867240906, -0.9982977919102893, 1.002279818293644, 0.9811812043190002, 0.0006865463854239806, 0.9946510521568968, 0.9851829409599304, 1.9994109034570755, -1.0008294682041594, 0.9842775464057922, 2.999826005646071, -3.9988577287046496, 0.9849968552589417, 3.0009656638981568, -6.001092663884663, 0.9839892983436584, 4.000854813749697, -8.000064824511469, 0.9833444356918335, 4.999350151526855, -11.000675265984569, 0.9852220416069031, 6.000424065756661, -10.999737804470271, 0.9833837151527405, 7.001503895065156, -10.002052687311448, -40, 111
35, 0.9737181067466736, 239, 0.9871236681938171, -1.0009457188546662, 0.9984412997529653, 0.986292839050293, 2.000828044901155, -6.000405546665036, 0.9844095706939697, 1.0007396505602486, -3.997745807135402, 0.9839313626289368, -0.9985037147384617, -1.998160298143489, 0.9840337038040161, -0.9999051363255091, -1.0002140058620625, 0.987247109413147, -80, -60, 0.9861445426940918, -75, -28, 0.9816388487815857, -1.0004176089144465, 0.9974368071750774, 0.984813392162323, 2.989613348347575e-05, -0.006605214271246496, 0.9871534705162048, 0.99941792218101, -0.9999688118372205, 0.9863705039024353, 1.0005289538671605, -1.9997462069843266, 0.9862515330314636, 1.0016147438060017, -4.00183702177344, 0.9836069345474243, 0.9986315724102468, -6.996514319568519, 0.9852218627929688, 0.9983936102662625, -9.000110714508821, 0.9861545562744141, 0.9980642883928112, -9.998259998169601, 0.9852707982063293, 2.0006193775957968, -9.000709594972136, 22, 113
36, 0.9727407097816467, 240, 0.9871729612350464, -1.0008786035047308, -0.9993110496937447, 0.9854856729507446, 2.999269437641118, -17.000676499258134, 0.98442542552948, 1.9991984276647656, -14.99755688354901, 0.9840898513793945, 1.0014634783314165, -10.999348389767533, 0.9824284315109253, 2.0003507594611136, -8.999056024535719, 0.987247109413147, -80, -60, 0.9861445426940918, -75, -28, 0.9826352000236511, 0.0018419379182148532, 0.0002917196607512551, 0.9840790629386902, 1.0005830319837514, -1.0064644366854338, 0.987572968006134, 3.000185614055326, -2.9994963434104704, 0.984803318977356, 3.000637675290463, -6.99929223800595, 0.98623126745224, 2.999345697651421, -12.000530306414873, 0.9848942160606384, 1.000451472452653, -14.998718891749718, 0.9863911271095276, -0.001218245357861747, -17.000100512185213, 0.9830238223075867, -0.0005240879441714696, -18.998965483604877, 0.9844216108322144, 1.9998417156158297, -19.002068745906627, 25, 105
37, 0.9727460145950317, 241, 0.9842811822891235, -3.9996412867255344, 16.99903550984547, 0.9851113557815552, 1.000564809958803, 1.9994269872122459, 0.9855785965919495, 3.9997815563297365, 4.999345012446156, 0.9851282835006714, 3.999748448421485, 6.000985905397613, 0.984507143497467, 3.9987048984983886, 7.9999619488723965, 0.9830976128578186, 2.9999217451178453, 9.002204952875672, 0.9861445426940918, -75, -28, 0.9862986207008362, -1.999181225503719, 16.00094060553154, 0.981653094291687, 0.0011778946926739309, 15.999808054916372, 0.9873595237731934, 4.000283893619709, 11.999693580250977, 0.9854468703269958, 5.000464787435959, 9.000464525134902, 0.9844588041305542, 4.000348636103141, 5.998909274143671, 0.9844972491264343, 1.0008371347055203, 1.0028171184929988, 0.9816689491271973, -0.00018531534014698536, -0.001414571212478677, 0.9862245917320251, -2.001518223268448, -0.9987399408842634, 0.9846720099449158, -0.9998012015296922, 0.0012477164864321821, 31, 72
38, 0.9734292030334473, 242, 0.9863733649253845, -4.00048393262945, 9.99883576998539, 0.985727846622467, -0.0009792807572353013, -0.000172880027150768, 0.9838401675224304, -1.0000420928318476, 2.9980275481308922, 0.9830408096313477, -2.0004816820210607, 5.9980191772921785, 0.9823758006095886, -2.9995903800485593, 9.001812593335842, 0.9830690622329712, -2.0025373076487085, 11.999234427921408, 0.9760715961456299, -75, -28, 0.9865729808807373, -3.0001094686115692, 12.004865464718257, 0.9829124808311462, -1.9980758159880878, 13.002194182308983, 0.987858235836029, 0.9998408107699532, 12.999002111212477, 0.9862217307090759, 2.001073435720059, 11.999752743285228, 0.9850445985794067, 2.0011428518032943, 8.999395174730807, 0.9846768379211426, 1.001678516725164, 2.9999629755989474, 0.9842658638954163, -8.048777230840187e-05, -1.0005166136989487, 0.9857850670814514, -0.001933667647804782, -2.000803174263581, 0.98504638671875, -0.0016665827930637533, -2.0010827318049564, 41, 50
39, 0.9690089225769043, 297, 0.982955276966095, 11, 26, 0.9848049283027649, -1.9978482558606743, 4.999322531599887, 0.9830063581466675, -0.9997376041664126, 8.00067152318968, 0.9816348552703857, -2.000808917238487, 11.9992828589817, 0.9805934429168701, -2.0004346660541756, 15.000631253737197, 0.987247109413147, -80, -60, 0.9861445426940918, -75, -28, 0.9840933680534363, 8.999336676024726, 24.00071765031499, 0.978112518787384, 42.99932345823256, -25.000106788159528, 0.9844949245452881, 8.001005497503144, 17.999439040952993, 0.9840724468231201, 8.999354900533206, 15.999479256736379, 0.981587827205658, 4.0011126413939735, 7.0008156030853, 0.9806162714958191, 2.001507165619415, 2.999951026621659, 0.9810811877250671, -0.0003808133716205475, -1.863551796077445e-05, 0.9834586977958679, -1.0002356876578773, 0.0005386093636161604, 0.9835434556007385, -0.9993380172006141, 1.0008039902600103, 74, 112
40, 0.970606803894043, 298, 0.9846015572547913, 3.000238691239872, 7.999628460581185, 0.9841717481613159, 3.0004505828801484, -1.0003591026669483, 0.9820191860198975, 3.000020085991011, 3.0008880031773515, 0.9812576174736023, 0.9995541162317778, 5.999478098373515, 0.9800346493721008, 0.9995232404105678, 9.000024192307706, 0.987247109413147, -80, -60, 0.9861445426940918, -75, -28, 0.9831969141960144, 1.0001523320469659, 12.004040787210506, 0.9786379933357239, 26.999286372951616, -32.00006502676848, 0.9849194884300232, 3.0004369972373865, 13.999340752418561, 0.9841855764389038, 2.999885884192537, 12.999122103407615, 0.9826029539108276, 1.000880613080028, 4.999394739989214, 0.9830697178840637, -0.0005689492054870016, 1.9995522612304626, 0.9820056557655334, -0.9999901527385475, -1.0000413631252627, 0.9834163784980774, 0.9999511601468924, -2.99965465960787, 0.9831812381744385, 2.0001991183234935, -3.000675665649908, 63, 108
41, 0.9710559844970703, 300, 0.9820929169654846, 2.9996248048380494, 13.997201580107259, 0.9847767949104309, 0.9994946935876641, 5.99845092178947, 0.9832725524902344, 2.999484508515934, 10.00050493748671, 0.9830125570297241, 3.0005849740976345, 12.000301472864294, 0.9808526039123535, 4.000584239092547, 15.001020935159715, 0.987247109413147, -80, -60, 0.9861445426940918, -75, -28, 0.9850526452064514, 2.0005816570205894, 15.002048051611858, 0.9783033728599548, 46.9999372256424, -26.00069725162865, 0.9859430193901062, 5.0003786172513, 13.000640433838015, 0.9853907823562622, 4.999968465678165, 11.000105557610311, 0.9828603267669678, 4.000704548118279, 6.0008480705469935, 0.9843474626541138, 0.9992379789089085, 0.0013326910693649552, 0.9844876527786255, -0.9991212674448633, -1.0008393712588486, 0.9856554269790649, -0.9997764757691243, 0.9991554358156804, 0.9843119382858276, -0.000589563753493394, 1.999805563539212, 54, 106
