,X,Y,Slice
0,31.0,0.0,1.0
1,88.0,0.0,1.0
2,179.0,0.0,1.0
3,255.0,0.0,1.0
4,311.0,0.0,1.0
5,446.0,0.0,1.0
6,481.0,0.0,1.0
7,103.0,4.0,1.0
8,40.0,19.0,1.0
9,466.0,20.0,1.0
10,291.0,22.0,1.0
11,105.0,30.0,1.0
12,389.0,45.0,1.0
13,489.0,45.0,1.0
14,449.0,48.0,1.0
15,315.0,50.0,1.0
16,112.0,52.0,1.0
17,21.0,64.0,1.0
18,307.0,78.0,1.0
19,2.0,82.0,1.0
20,181.0,92.0,1.0
21,401.0,92.0,1.0
22,482.0,92.0,1.0
23,15.0,96.0,1.0
24,342.0,100.0,1.0
25,473.0,101.0,1.0
26,381.0,109.0,1.0
27,121.0,111.0,1.0
28,161.0,111.0,1.0
29,93.0,129.0,1.0
30,4.0,131.0,1.0
31,155.0,131.0,1.0
32,38.0,132.0,1.0
33,488.0,133.0,1.0
34,491.0,146.0,1.0
35,169.0,148.0,1.0
36,3.0,153.0,1.0
37,176.0,163.0,1.0
38,132.0,171.0,1.0
39,16.0,174.0,1.0
40,213.0,185.0,1.0
41,491.0,189.0,1.0
42,37.0,195.0,1.0
43,121.0,195.0,1.0
44,491.0,209.0,1.0
45,14.0,216.0,1.0
46,148.0,225.0,1.0
47,349.0,225.0,1.0
48,139.0,238.0,1.0
49,491.0,248.0,1.0
50,120.0,258.0,1.0
51,0.0,259.0,1.0
52,491.0,267.0,1.0
53,94.0,276.0,1.0
54,11.0,279.0,1.0
55,1.0,290.0,1.0
56,489.0,294.0,1.0
57,110.0,298.0,1.0
58,3.0,303.0,1.0
59,80.0,316.0,1.0
60,115.0,317.0,1.0
61,3.0,318.0,1.0
62,475.0,318.0,1.0
63,156.0,320.0,1.0
64,174.0,326.0,1.0
65,29.0,329.0,1.0
66,356.0,332.0,1.0
67,73.0,334.0,1.0
68,459.0,334.0,1.0
69,41.0,335.0,1.0
70,124.0,338.0,1.0
71,190.0,338.0,1.0
72,164.0,343.0,1.0
73,444.0,343.0,1.0
74,13.0,354.0,1.0
75,64.0,354.0,1.0
76,354.0,359.0,1.0
77,158.0,371.0,1.0
78,3.0,379.0,1.0
79,200.0,379.0,1.0
80,54.0,380.0,1.0
81,174.0,382.0,1.0
82,317.0,382.0,1.0
83,448.0,382.0,1.0
84,22.0,383.0,1.0
85,483.0,386.0,1.0
86,3.0,396.0,1.0
87,61.0,397.0,1.0
88,379.0,404.0,1.0
89,45.0,405.0,1.0
90,155.0,407.0,1.0
91,210.0,409.0,1.0
92,341.0,410.0,1.0
93,319.0,414.0,1.0
94,182.0,418.0,1.0
95,163.0,419.0,1.0
96,223.0,419.0,1.0
97,491.0,420.0,1.0
98,1.0,421.0,1.0
99,395.0,422.0,1.0
100,241.0,428.0,1.0
101,462.0,432.0,1.0
102,451.0,435.0,1.0
103,1.0,441.0,1.0
104,12.0,443.0,1.0
105,23.0,443.0,1.0
106,416.0,444.0,1.0
107,137.0,449.0,1.0
108,459.0,453.0,1.0
109,46.0,456.0,1.0
110,423.0,458.0,1.0
111,119.0,461.0,1.0
112,151.0,461.0,1.0
113,52.0,466.0,1.0
114,489.0,466.0,1.0
115,258.0,469.0,1.0
116,1.0,471.0,1.0
117,23.0,476.0,1.0
118,69.0,478.0,1.0
119,448.0,484.0,1.0
120,491.0,489.0,1.0
121,119.0,494.0,1.0
122,158.0,498.0,1.0
123,456.0,498.0,1.0
124,243.0,502.0,1.0
125,357.0,502.0,1.0
126,431.0,506.0,1.0
127,491.0,506.0,1.0
128,0.0,512.0,1.0
129,268.0,517.0,1.0
130,362.0,519.0,1.0
131,199.0,523.0,1.0
132,147.0,524.0,1.0
133,312.0,527.0,1.0
134,425.0,527.0,1.0
135,491.0,530.0,1.0
136,81.0,532.0,1.0
137,3.0,534.0,1.0
138,468.0,537.0,1.0
139,230.0,538.0,1.0
140,182.0,547.0,1.0
141,13.0,548.0,1.0
142,197.0,548.0,1.0
143,317.0,550.0,1.0
144,478.0,554.0,1.0
145,186.0,562.0,1.0
146,482.0,570.0,1.0
147,316.0,572.0,1.0
148,13.0,573.0,1.0
149,26.0,574.0,1.0
150,111.0,575.0,1.0
151,129.0,575.0,1.0
152,146.0,575.0,1.0
153,159.0,575.0,1.0
154,217.0,575.0,1.0
155,248.0,575.0,1.0
156,382.0,575.0,1.0
157,418.0,575.0,1.0
158,20.0,0.0,31.0
159,51.0,0.0,31.0
160,66.0,0.0,31.0
161,78.0,0.0,31.0
162,113.0,0.0,31.0
163,160.0,0.0,31.0
164,268.0,0.0,31.0
165,335.0,0.0,31.0
166,352.0,0.0,31.0
167,370.0,0.0,31.0
168,383.0,0.0,31.0
169,416.0,0.0,31.0
170,432.0,0.0,31.0
171,293.0,3.0,31.0
172,225.0,6.0,31.0
173,463.0,12.0,31.0
174,54.0,19.0,31.0
175,91.0,21.0,31.0
176,185.0,21.0,31.0
177,290.0,21.0,31.0
178,475.0,21.0,31.0
179,271.0,22.0,31.0
180,370.0,26.0,31.0
181,392.0,28.0,31.0
182,239.0,29.0,31.0
183,445.0,29.0,31.0
184,413.0,31.0,31.0
185,491.0,33.0,31.0
186,433.0,35.0,31.0
187,87.0,36.0,31.0
188,8.0,37.0,31.0
189,153.0,37.0,31.0
190,381.0,39.0,31.0
191,46.0,40.0,31.0
192,106.0,48.0,31.0
193,312.0,49.0,31.0
194,422.0,49.0,31.0
195,280.0,50.0,31.0
196,362.0,50.0,31.0
197,24.0,51.0,31.0
198,243.0,51.0,31.0
199,177.0,52.0,31.0
200,221.0,53.0,31.0
201,131.0,58.0,31.0
202,372.0,59.0,31.0
203,68.0,60.0,31.0
204,234.0,61.0,31.0
205,353.0,62.0,31.0
206,253.0,63.0,31.0
207,466.0,63.0,31.0
208,8.0,67.0,31.0
209,433.0,67.0,31.0
210,157.0,70.0,31.0
211,302.0,70.0,31.0
212,214.0,72.0,31.0
213,72.0,73.0,31.0
214,491.0,73.0,31.0
215,293.0,78.0,31.0
216,399.0,80.0,31.0
217,257.0,81.0,31.0
218,419.0,82.0,31.0
219,20.0,83.0,31.0
220,84.0,83.0,31.0
221,362.0,83.0,31.0
222,180.0,88.0,31.0
223,231.0,89.0,31.0
224,41.0,93.0,31.0
225,69.0,94.0,31.0
226,457.0,95.0,31.0
227,195.0,96.0,31.0
228,431.0,97.0,31.0
229,157.0,100.0,31.0
230,489.0,101.0,31.0
231,138.0,108.0,31.0
232,313.0,108.0,31.0
233,63.0,112.0,31.0
234,347.0,112.0,31.0
235,371.0,114.0,31.0
236,195.0,117.0,31.0
237,412.0,119.0,31.0
238,462.0,120.0,31.0
239,113.0,122.0,31.0
240,74.0,124.0,31.0
241,277.0,125.0,31.0
242,292.0,125.0,31.0
243,180.0,126.0,31.0
244,381.0,126.0,31.0
245,406.0,129.0,31.0
246,328.0,130.0,31.0
247,126.0,132.0,31.0
248,14.0,133.0,31.0
249,299.0,133.0,31.0
250,479.0,136.0,31.0
251,30.0,140.0,31.0
252,340.0,140.0,31.0
253,363.0,144.0,31.0
254,213.0,145.0,31.0
255,491.0,145.0,31.0
256,7.0,148.0,31.0
257,133.0,149.0,31.0
258,420.0,152.0,31.0
259,335.0,154.0,31.0
260,42.0,155.0,31.0
261,275.0,155.0,31.0
262,288.0,156.0,31.0
263,143.0,158.0,31.0
264,479.0,158.0,31.0
265,198.0,163.0,31.0
266,491.0,163.0,31.0
267,15.0,167.0,31.0
268,216.0,167.0,31.0
269,74.0,168.0,31.0
270,336.0,169.0,31.0
271,473.0,169.0,31.0
272,106.0,171.0,31.0
273,180.0,174.0,31.0
274,428.0,175.0,31.0
275,39.0,176.0,31.0
276,195.0,177.0,31.0
277,386.0,177.0,31.0
278,142.0,183.0,31.0
279,228.0,184.0,31.0
280,479.0,184.0,31.0
281,404.0,187.0,31.0
282,9.0,188.0,31.0
283,180.0,190.0,31.0
284,349.0,190.0,31.0
285,36.0,191.0,31.0
286,279.0,193.0,31.0
287,381.0,197.0,31.0
288,149.0,199.0,31.0
289,320.0,203.0,31.0
290,243.0,205.0,31.0
291,290.0,205.0,31.0
292,13.0,209.0,31.0
293,374.0,210.0,31.0
294,71.0,212.0,31.0
295,478.0,212.0,31.0
296,240.0,219.0,31.0
297,456.0,220.0,31.0
298,102.0,222.0,31.0
299,299.0,225.0,31.0
300,401.0,225.0,31.0
301,174.0,228.0,31.0
302,432.0,229.0,31.0
303,67.0,231.0,31.0
304,150.0,231.0,31.0
305,475.0,231.0,31.0
306,135.0,233.0,31.0
307,489.0,233.0,31.0
308,207.0,236.0,31.0
309,334.0,243.0,31.0
310,177.0,246.0,31.0
311,239.0,246.0,31.0
312,491.0,246.0,31.0
313,120.0,250.0,31.0
314,266.0,250.0,31.0
315,140.0,256.0,31.0
316,463.0,256.0,31.0
317,429.0,260.0,31.0
318,243.0,261.0,31.0
319,28.0,262.0,31.0
320,223.0,262.0,31.0
321,321.0,262.0,31.0
322,335.0,265.0,31.0
323,149.0,267.0,31.0
324,130.0,269.0,31.0
325,481.0,271.0,31.0
326,99.0,273.0,31.0
327,1.0,276.0,31.0
328,384.0,277.0,31.0
329,423.0,277.0,31.0
330,111.0,278.0,31.0
331,144.0,280.0,31.0
332,12.0,281.0,31.0
333,46.0,281.0,31.0
334,210.0,281.0,31.0
335,160.0,283.0,31.0
336,321.0,283.0,31.0
337,303.0,284.0,31.0
338,454.0,284.0,31.0
339,487.0,285.0,31.0
340,365.0,288.0,31.0
341,23.0,289.0,31.0
342,117.0,289.0,31.0
343,97.0,290.0,31.0
344,240.0,291.0,31.0
345,391.0,292.0,31.0
346,467.0,293.0,31.0
347,135.0,295.0,31.0
348,165.0,297.0,31.0
349,149.0,299.0,31.0
350,260.0,301.0,31.0
351,411.0,303.0,31.0
352,119.0,304.0,31.0
353,399.0,304.0,31.0
354,341.0,306.0,31.0
355,449.0,309.0,31.0
356,287.0,310.0,31.0
357,252.0,313.0,31.0
358,14.0,314.0,31.0
359,464.0,315.0,31.0
360,229.0,316.0,31.0
361,88.0,317.0,31.0
362,8.0,327.0,31.0
363,185.0,327.0,31.0
364,336.0,328.0,31.0
365,99.0,329.0,31.0
366,484.0,330.0,31.0
367,167.0,333.0,31.0
368,290.0,336.0,31.0
369,424.0,338.0,31.0
370,226.0,339.0,31.0
371,3.0,340.0,31.0
372,127.0,340.0,31.0
373,460.0,344.0,31.0
374,371.0,346.0,31.0
375,83.0,347.0,31.0
376,389.0,348.0,31.0
377,32.0,350.0,31.0
378,300.0,350.0,31.0
379,21.0,351.0,31.0
380,162.0,351.0,31.0
381,323.0,353.0,31.0
382,208.0,354.0,31.0
383,133.0,357.0,31.0
384,358.0,358.0,31.0
385,439.0,359.0,31.0
386,460.0,364.0,31.0
387,475.0,364.0,31.0
388,260.0,366.0,31.0
389,424.0,368.0,31.0
390,76.0,369.0,31.0
391,137.0,369.0,31.0
392,221.0,370.0,31.0
393,286.0,371.0,31.0
394,491.0,373.0,31.0
395,362.0,375.0,31.0
396,21.0,376.0,31.0
397,173.0,377.0,31.0
398,296.0,380.0,31.0
399,104.0,382.0,31.0
400,151.0,385.0,31.0
401,51.0,386.0,31.0
402,26.0,387.0,31.0
403,255.0,389.0,31.0
404,317.0,389.0,31.0
405,9.0,390.0,31.0
406,435.0,393.0,31.0
407,182.0,394.0,31.0
408,33.0,396.0,31.0
409,446.0,396.0,31.0
410,98.0,399.0,31.0
411,124.0,399.0,31.0
412,354.0,399.0,31.0
413,481.0,400.0,31.0
414,205.0,401.0,31.0
415,456.0,402.0,31.0
416,111.0,403.0,31.0
417,292.0,404.0,31.0
418,46.0,405.0,31.0
419,383.0,406.0,31.0
420,243.0,407.0,31.0
421,87.0,408.0,31.0
422,229.0,408.0,31.0
423,307.0,410.0,31.0
424,491.0,410.0,31.0
425,14.0,416.0,31.0
426,153.0,416.0,31.0
427,371.0,417.0,31.0
428,58.0,418.0,31.0
429,116.0,419.0,31.0
430,316.0,419.0,31.0
431,485.0,422.0,31.0
432,172.0,423.0,31.0
433,41.0,426.0,31.0
434,147.0,427.0,31.0
435,359.0,428.0,31.0
436,263.0,429.0,31.0
437,210.0,430.0,31.0
438,16.0,432.0,31.0
439,419.0,433.0,31.0
440,456.0,433.0,31.0
441,309.0,437.0,31.0
442,324.0,437.0,31.0
443,46.0,439.0,31.0
444,182.0,439.0,31.0
445,489.0,439.0,31.0
446,238.0,442.0,31.0
447,439.0,442.0,31.0
448,350.0,443.0,31.0
449,470.0,445.0,31.0
450,88.0,448.0,31.0
451,149.0,449.0,31.0
452,108.0,450.0,31.0
453,266.0,450.0,31.0
454,0.0,453.0,31.0
455,131.0,453.0,31.0
456,356.0,453.0,31.0
457,68.0,460.0,31.0
458,211.0,462.0,31.0
459,491.0,462.0,31.0
460,377.0,464.0,31.0
461,177.0,465.0,31.0
462,333.0,466.0,31.0
463,12.0,468.0,31.0
464,446.0,469.0,31.0
465,115.0,478.0,31.0
466,310.0,478.0,31.0
467,163.0,479.0,31.0
468,435.0,480.0,31.0
469,231.0,482.0,31.0
470,242.0,482.0,31.0
471,105.0,484.0,31.0
472,460.0,485.0,31.0
473,317.0,487.0,31.0
474,86.0,488.0,31.0
475,275.0,488.0,31.0
476,190.0,490.0,31.0
477,292.0,492.0,31.0
478,479.0,493.0,31.0
479,128.0,497.0,31.0
480,50.0,500.0,31.0
481,341.0,502.0,31.0
482,315.0,511.0,31.0
483,37.0,512.0,31.0
484,491.0,513.0,31.0
485,152.0,515.0,31.0
486,441.0,515.0,31.0
487,58.0,516.0,31.0
488,74.0,516.0,31.0
489,26.0,518.0,31.0
490,106.0,519.0,31.0
491,327.0,519.0,31.0
492,386.0,519.0,31.0
493,0.0,526.0,31.0
494,213.0,526.0,31.0
495,241.0,526.0,31.0
496,80.0,528.0,31.0
497,315.0,529.0,31.0
498,301.0,531.0,31.0
499,337.0,533.0,31.0
500,482.0,534.0,31.0
501,450.0,535.0,31.0
502,468.0,538.0,31.0
503,422.0,540.0,31.0
504,491.0,543.0,31.0
505,260.0,544.0,31.0
506,52.0,550.0,31.0
507,474.0,552.0,31.0
508,36.0,553.0,31.0
509,313.0,553.0,31.0
510,399.0,553.0,31.0
511,64.0,554.0,31.0
512,183.0,559.0,31.0
513,25.0,562.0,31.0
514,240.0,563.0,31.0
515,305.0,564.0,31.0
516,369.0,564.0,31.0
517,117.0,565.0,31.0
518,445.0,567.0,31.0
519,410.0,568.0,31.0
520,347.0,570.0,31.0
521,173.0,573.0,31.0
522,12.0,575.0,31.0
523,153.0,575.0,31.0
524,277.0,575.0,31.0
525,327.0,575.0,31.0
526,361.0,575.0,31.0
527,379.0,575.0,31.0
528,465.0,575.0,31.0
529,44.0,0.0,61.0
530,78.0,0.0,61.0
531,207.0,0.0,61.0
532,237.0,0.0,61.0
533,258.0,0.0,61.0
534,294.0,0.0,61.0
535,326.0,0.0,61.0
536,347.0,0.0,61.0
537,368.0,0.0,61.0
538,389.0,0.0,61.0
539,431.0,0.0,61.0
540,441.0,0.0,61.0
541,472.0,5.0,61.0
542,384.0,14.0,61.0
543,203.0,20.0,61.0
544,417.0,23.0,61.0
545,35.0,28.0,61.0
546,290.0,34.0,61.0
547,421.0,36.0,61.0
548,470.0,44.0,61.0
549,199.0,49.0,61.0
550,151.0,52.0,61.0
551,11.0,57.0,61.0
552,205.0,63.0,61.0
553,450.0,63.0,61.0
554,429.0,72.0,61.0
555,417.0,73.0,61.0
556,55.0,74.0,61.0
557,135.0,75.0,61.0
558,468.0,75.0,61.0
559,72.0,80.0,61.0
560,446.0,90.0,61.0
561,3.0,91.0,61.0
562,148.0,93.0,61.0
563,219.0,105.0,61.0
564,52.0,113.0,61.0
565,176.0,116.0,61.0
566,491.0,119.0,61.0
567,225.0,122.0,61.0
568,81.0,127.0,61.0
569,450.0,130.0,61.0
570,47.0,131.0,61.0
571,289.0,131.0,61.0
572,0.0,135.0,61.0
573,460.0,144.0,61.0
574,155.0,145.0,61.0
575,305.0,149.0,61.0
576,335.0,154.0,61.0
577,52.0,159.0,61.0
578,11.0,160.0,61.0
579,234.0,160.0,61.0
580,222.0,170.0,61.0
581,370.0,173.0,61.0
582,392.0,176.0,61.0
583,77.0,185.0,61.0
584,212.0,187.0,61.0
585,25.0,188.0,61.0
586,375.0,189.0,61.0
587,491.0,190.0,61.0
588,12.0,193.0,61.0
589,417.0,193.0,61.0
590,471.0,197.0,61.0
591,199.0,209.0,61.0
592,15.0,213.0,61.0
593,13.0,228.0,61.0
594,180.0,235.0,61.0
595,388.0,235.0,61.0
596,125.0,236.0,61.0
597,418.0,239.0,61.0
598,156.0,246.0,61.0
599,428.0,246.0,61.0
600,15.0,256.0,61.0
601,170.0,258.0,61.0
602,278.0,279.0,61.0
603,22.0,282.0,61.0
604,3.0,284.0,61.0
605,152.0,293.0,61.0
606,30.0,294.0,61.0
607,312.0,301.0,61.0
608,173.0,302.0,61.0
609,0.0,304.0,61.0
610,65.0,304.0,61.0
611,139.0,305.0,61.0
612,62.0,312.0,61.0
613,359.0,315.0,61.0
614,134.0,316.0,61.0
615,183.0,320.0,61.0
616,98.0,328.0,61.0
617,191.0,330.0,61.0
618,489.0,333.0,61.0
619,3.0,338.0,61.0
620,12.0,351.0,61.0
621,215.0,353.0,61.0
622,319.0,355.0,61.0
623,0.0,356.0,61.0
624,123.0,356.0,61.0
625,491.0,357.0,61.0
626,330.0,361.0,61.0
627,235.0,362.0,61.0
628,491.0,370.0,61.0
629,245.0,371.0,61.0
630,258.0,378.0,61.0
631,115.0,379.0,61.0
632,385.0,382.0,61.0
633,267.0,386.0,61.0
634,491.0,387.0,61.0
635,130.0,390.0,61.0
636,183.0,391.0,61.0
637,299.0,395.0,61.0
638,150.0,398.0,61.0
639,314.0,401.0,61.0
640,15.0,402.0,61.0
641,291.0,402.0,61.0
642,472.0,402.0,61.0
643,440.0,405.0,61.0
644,107.0,407.0,61.0
645,331.0,410.0,61.0
646,458.0,410.0,61.0
647,310.0,411.0,61.0
648,361.0,412.0,61.0
649,491.0,416.0,61.0
650,381.0,418.0,61.0
651,145.0,434.0,61.0
652,218.0,435.0,61.0
653,384.0,437.0,61.0
654,96.0,442.0,61.0
655,440.0,445.0,61.0
656,2.0,446.0,61.0
657,17.0,446.0,61.0
658,115.0,453.0,61.0
659,340.0,453.0,61.0
660,488.0,454.0,61.0
661,398.0,457.0,61.0
662,2.0,461.0,61.0
663,176.0,461.0,61.0
664,52.0,463.0,61.0
665,481.0,466.0,61.0
666,189.0,473.0,61.0
667,461.0,479.0,61.0
668,11.0,481.0,61.0
669,476.0,482.0,61.0
670,185.0,483.0,61.0
671,247.0,486.0,61.0
672,322.0,491.0,61.0
673,491.0,494.0,61.0
674,159.0,495.0,61.0
675,455.0,497.0,61.0
676,370.0,498.0,61.0
677,33.0,502.0,61.0
678,0.0,504.0,61.0
679,490.0,506.0,61.0
680,346.0,507.0,61.0
681,42.0,511.0,61.0
682,277.0,511.0,61.0
683,263.0,515.0,61.0
684,61.0,521.0,61.0
685,362.0,526.0,61.0
686,2.0,528.0,61.0
687,435.0,530.0,61.0
688,383.0,532.0,61.0
689,472.0,532.0,61.0
690,490.0,534.0,61.0
691,398.0,535.0,61.0
692,75.0,541.0,61.0
693,420.0,542.0,61.0
694,409.0,543.0,61.0
695,0.0,551.0,61.0
696,136.0,553.0,61.0
697,388.0,555.0,61.0
698,293.0,561.0,61.0
699,438.0,563.0,61.0
700,182.0,569.0,61.0
701,489.0,570.0,61.0
702,3.0,573.0,61.0
703,325.0,573.0,61.0
704,81.0,575.0,61.0
705,102.0,575.0,61.0
706,166.0,575.0,61.0
707,218.0,575.0,61.0
708,243.0,575.0,61.0
709,290.0,575.0,61.0
710,367.0,575.0,61.0
711,377.0,575.0,61.0
712,469.0,575.0,61.0
713,14.0,0.0,91.0
714,85.0,0.0,91.0
715,137.0,0.0,91.0
716,178.0,0.0,91.0
717,212.0,0.0,91.0
718,225.0,0.0,91.0
719,242.0,0.0,91.0
720,278.0,0.0,91.0
721,291.0,0.0,91.0
722,341.0,0.0,91.0
723,389.0,0.0,91.0
724,23.0,4.0,91.0
725,258.0,4.0,91.0
726,460.0,13.0,91.0
727,486.0,18.0,91.0
728,307.0,19.0,91.0
729,412.0,19.0,91.0
730,370.0,23.0,91.0
731,284.0,25.0,91.0
732,472.0,25.0,91.0
733,460.0,26.0,91.0
734,355.0,27.0,91.0
735,342.0,28.0,91.0
736,198.0,30.0,91.0
737,152.0,34.0,91.0
738,314.0,42.0,91.0
739,396.0,43.0,91.0
740,83.0,49.0,91.0
741,481.0,49.0,91.0
742,230.0,51.0,91.0
743,422.0,54.0,91.0
744,105.0,56.0,91.0
745,266.0,56.0,91.0
746,381.0,56.0,91.0
747,408.0,59.0,91.0
748,72.0,61.0,91.0
749,9.0,67.0,91.0
750,312.0,67.0,91.0
751,252.0,69.0,91.0
752,354.0,77.0,91.0
753,339.0,78.0,91.0
754,96.0,79.0,91.0
755,15.0,82.0,91.0
756,294.0,82.0,91.0
757,74.0,84.0,91.0
758,469.0,86.0,91.0
759,490.0,88.0,91.0
760,226.0,89.0,91.0
761,190.0,90.0,91.0
762,318.0,90.0,91.0
763,412.0,93.0,91.0
764,243.0,94.0,91.0
765,287.0,95.0,91.0
766,152.0,96.0,91.0
767,175.0,105.0,91.0
768,107.0,106.0,91.0
769,310.0,107.0,91.0
770,321.0,113.0,91.0
771,268.0,116.0,91.0
772,402.0,116.0,91.0
773,4.0,117.0,91.0
774,451.0,118.0,91.0
775,218.0,120.0,91.0
776,491.0,121.0,91.0
777,392.0,125.0,91.0
778,191.0,126.0,91.0
779,298.0,131.0,91.0
780,320.0,131.0,91.0
781,365.0,132.0,91.0
782,16.0,133.0,91.0
783,159.0,134.0,91.0
784,402.0,136.0,91.0
785,340.0,142.0,91.0
786,481.0,145.0,91.0
787,398.0,148.0,91.0
788,112.0,152.0,91.0
789,422.0,157.0,91.0
790,140.0,161.0,91.0
791,168.0,161.0,91.0
792,455.0,164.0,91.0
793,285.0,167.0,91.0
794,271.0,168.0,91.0
795,468.0,169.0,91.0
796,220.0,174.0,91.0
797,408.0,176.0,91.0
798,120.0,177.0,91.0
799,288.0,185.0,91.0
800,301.0,187.0,91.0
801,172.0,189.0,91.0
802,461.0,192.0,91.0
803,2.0,195.0,91.0
804,335.0,197.0,91.0
805,364.0,198.0,91.0
806,225.0,201.0,91.0
807,479.0,211.0,91.0
808,392.0,212.0,91.0
809,406.0,212.0,91.0
810,4.0,215.0,91.0
811,189.0,215.0,91.0
812,132.0,216.0,91.0
813,339.0,218.0,91.0
814,352.0,219.0,91.0
815,487.0,221.0,91.0
816,345.0,228.0,91.0
817,315.0,230.0,91.0
818,284.0,232.0,91.0
819,131.0,235.0,91.0
820,30.0,237.0,91.0
821,15.0,243.0,91.0
822,491.0,244.0,91.0
823,345.0,246.0,91.0
824,476.0,247.0,91.0
825,49.0,248.0,91.0
826,420.0,251.0,91.0
827,134.0,252.0,91.0
828,318.0,256.0,91.0
829,77.0,258.0,91.0
830,119.0,261.0,91.0
831,352.0,262.0,91.0
832,213.0,263.0,91.0
833,278.0,263.0,91.0
834,421.0,266.0,91.0
835,432.0,275.0,91.0
836,484.0,275.0,91.0
837,369.0,276.0,91.0
838,320.0,277.0,91.0
839,107.0,282.0,91.0
840,28.0,284.0,91.0
841,251.0,285.0,91.0
842,127.0,286.0,91.0
843,285.0,288.0,91.0
844,3.0,291.0,91.0
845,262.0,293.0,91.0
846,346.0,293.0,91.0
847,170.0,295.0,91.0
848,299.0,296.0,91.0
849,479.0,296.0,91.0
850,356.0,297.0,91.0
851,98.0,300.0,91.0
852,491.0,300.0,91.0
853,143.0,301.0,91.0
854,51.0,305.0,91.0
855,307.0,305.0,91.0
856,223.0,306.0,91.0
857,441.0,309.0,91.0
858,407.0,311.0,91.0
859,3.0,312.0,91.0
860,270.0,313.0,91.0
861,382.0,320.0,91.0
862,78.0,321.0,91.0
863,284.0,322.0,91.0
864,491.0,327.0,91.0
865,86.0,329.0,91.0
866,138.0,331.0,91.0
867,334.0,331.0,91.0
868,243.0,334.0,91.0
869,177.0,335.0,91.0
870,57.0,336.0,91.0
871,43.0,338.0,91.0
872,4.0,344.0,91.0
873,234.0,349.0,91.0
874,491.0,355.0,91.0
875,439.0,356.0,91.0
876,56.0,359.0,91.0
877,260.0,360.0,91.0
878,289.0,362.0,91.0
879,361.0,364.0,91.0
880,467.0,365.0,91.0
881,449.0,366.0,91.0
882,320.0,371.0,91.0
883,135.0,372.0,91.0
884,54.0,373.0,91.0
885,37.0,376.0,91.0
886,78.0,381.0,91.0
887,365.0,381.0,91.0
888,491.0,386.0,91.0
889,47.0,391.0,91.0
890,119.0,391.0,91.0
891,259.0,392.0,91.0
892,322.0,396.0,91.0
893,286.0,397.0,91.0
894,3.0,399.0,91.0
895,361.0,399.0,91.0
896,430.0,402.0,91.0
897,92.0,405.0,91.0
898,412.0,409.0,91.0
899,23.0,410.0,91.0
900,287.0,410.0,91.0
901,491.0,411.0,91.0
902,85.0,417.0,91.0
903,103.0,420.0,91.0
904,39.0,425.0,91.0
905,13.0,426.0,91.0
906,491.0,427.0,91.0
907,29.0,430.0,91.0
908,381.0,434.0,91.0
909,125.0,436.0,91.0
910,225.0,441.0,91.0
911,134.0,444.0,91.0
912,144.0,446.0,91.0
913,421.0,450.0,91.0
914,30.0,458.0,91.0
915,0.0,464.0,91.0
916,182.0,466.0,91.0
917,313.0,466.0,91.0
918,88.0,468.0,91.0
919,39.0,469.0,91.0
920,354.0,472.0,91.0
921,71.0,475.0,91.0
922,386.0,477.0,91.0
923,373.0,478.0,91.0
924,473.0,478.0,91.0
925,47.0,480.0,91.0
926,188.0,483.0,91.0
927,211.0,483.0,91.0
928,259.0,483.0,91.0
929,314.0,486.0,91.0
930,10.0,489.0,91.0
931,109.0,490.0,91.0
932,300.0,490.0,91.0
933,327.0,492.0,91.0
934,77.0,493.0,91.0
935,220.0,493.0,91.0
936,278.0,498.0,91.0
937,456.0,500.0,91.0
938,150.0,506.0,91.0
939,51.0,507.0,91.0
940,77.0,507.0,91.0
941,193.0,516.0,91.0
942,459.0,516.0,91.0
943,110.0,519.0,91.0
944,64.0,521.0,91.0
945,474.0,521.0,91.0
946,344.0,524.0,91.0
947,183.0,525.0,91.0
948,358.0,525.0,91.0
949,380.0,530.0,91.0
950,280.0,531.0,91.0
951,27.0,533.0,91.0
952,436.0,538.0,91.0
953,98.0,543.0,91.0
954,2.0,544.0,91.0
955,212.0,547.0,91.0
956,343.0,550.0,91.0
957,384.0,552.0,91.0
958,51.0,556.0,91.0
959,367.0,556.0,91.0
960,66.0,557.0,91.0
961,8.0,563.0,91.0
962,92.0,563.0,91.0
963,252.0,563.0,91.0
964,120.0,566.0,91.0
965,408.0,566.0,91.0
966,134.0,568.0,91.0
967,372.0,571.0,91.0
968,190.0,573.0,91.0
969,0.0,575.0,91.0
970,156.0,575.0,91.0
971,214.0,575.0,91.0
972,264.0,575.0,91.0
973,310.0,575.0,91.0
974,327.0,575.0,91.0
975,384.0,575.0,91.0
976,459.0,575.0,91.0
977,480.0,575.0,91.0
978,46.0,0.0,121.0
979,78.0,0.0,121.0
980,114.0,0.0,121.0
981,127.0,0.0,121.0
982,149.0,0.0,121.0
983,228.0,0.0,121.0
984,268.0,0.0,121.0
985,307.0,0.0,121.0
986,338.0,0.0,121.0
987,370.0,0.0,121.0
988,459.0,0.0,121.0
989,191.0,2.0,121.0
990,26.0,4.0,121.0
991,354.0,16.0,121.0
992,58.0,17.0,121.0
993,181.0,17.0,121.0
994,374.0,17.0,121.0
995,99.0,18.0,121.0
996,446.0,18.0,121.0
997,134.0,20.0,121.0
998,39.0,21.0,121.0
999,332.0,22.0,121.0
1000,400.0,24.0,121.0
1001,428.0,29.0,121.0
1002,73.0,31.0,121.0
1003,199.0,34.0,121.0
1004,26.0,36.0,121.0
1005,381.0,36.0,121.0
1006,14.0,37.0,121.0
1007,491.0,45.0,121.0
1008,51.0,46.0,121.0
1009,63.0,46.0,121.0
1010,298.0,51.0,121.0
1011,37.0,52.0,121.0
1012,76.0,52.0,121.0
1013,409.0,52.0,121.0
1014,474.0,52.0,121.0
1015,125.0,58.0,121.0
1016,178.0,59.0,121.0
1017,198.0,60.0,121.0
1018,244.0,60.0,121.0
1019,331.0,63.0,121.0
1020,93.0,67.0,121.0
1021,152.0,67.0,121.0
1022,367.0,67.0,121.0
1023,406.0,72.0,121.0
1024,161.0,74.0,121.0
1025,481.0,75.0,121.0
1026,52.0,77.0,121.0
1027,252.0,77.0,121.0
1028,138.0,79.0,121.0
1029,334.0,79.0,121.0
1030,41.0,80.0,121.0
1031,467.0,82.0,121.0
1032,318.0,83.0,121.0
1033,8.0,84.0,121.0
1034,359.0,90.0,121.0
1035,295.0,91.0,121.0
1036,67.0,92.0,121.0
1037,237.0,92.0,121.0
1038,394.0,92.0,121.0
1039,332.0,93.0,121.0
1040,21.0,94.0,121.0
1041,222.0,94.0,121.0
1042,450.0,94.0,121.0
1043,168.0,96.0,121.0
1044,93.0,97.0,121.0
1045,189.0,98.0,121.0
1046,278.0,98.0,121.0
1047,414.0,98.0,121.0
1048,45.0,103.0,121.0
1049,491.0,106.0,121.0
1050,255.0,107.0,121.0
1051,345.0,108.0,121.0
1052,115.0,114.0,121.0
1053,181.0,114.0,121.0
1054,281.0,114.0,121.0
1055,299.0,115.0,121.0
1056,134.0,116.0,121.0
1057,206.0,116.0,121.0
1058,481.0,116.0,121.0
1059,453.0,127.0,121.0
1060,318.0,128.0,121.0
1061,387.0,129.0,121.0
1062,408.0,129.0,121.0
1063,209.0,132.0,121.0
1064,475.0,133.0,121.0
1065,258.0,134.0,121.0
1066,100.0,136.0,121.0
1067,297.0,136.0,121.0
1068,266.0,143.0,121.0
1069,404.0,144.0,121.0
1070,434.0,146.0,121.0
1071,386.0,148.0,121.0
1072,65.0,149.0,121.0
1073,410.0,158.0,121.0
1074,88.0,159.0,121.0
1075,186.0,160.0,121.0
1076,198.0,162.0,121.0
1077,233.0,166.0,121.0
1078,145.0,168.0,121.0
1079,157.0,168.0,121.0
1080,40.0,171.0,121.0
1081,442.0,171.0,121.0
1082,271.0,172.0,121.0
1083,328.0,172.0,121.0
1084,10.0,173.0,121.0
1085,218.0,173.0,121.0
1086,491.0,173.0,121.0
1087,407.0,175.0,121.0
1088,181.0,177.0,121.0
1089,249.0,180.0,121.0
1090,472.0,180.0,121.0
1091,195.0,182.0,121.0
1092,36.0,190.0,121.0
1093,182.0,198.0,121.0
1094,440.0,198.0,121.0
1095,333.0,199.0,121.0
1096,299.0,204.0,121.0
1097,208.0,205.0,121.0
1098,4.0,209.0,121.0
1099,232.0,215.0,121.0
1100,326.0,217.0,121.0
1101,84.0,219.0,121.0
1102,218.0,221.0,121.0
1103,176.0,228.0,121.0
1104,19.0,229.0,121.0
1105,49.0,232.0,121.0
1106,102.0,233.0,121.0
1107,426.0,233.0,121.0
1108,160.0,234.0,121.0
1109,273.0,239.0,121.0
1110,3.0,240.0,121.0
1111,128.0,240.0,121.0
1112,206.0,244.0,121.0
1113,458.0,245.0,121.0
1114,236.0,246.0,121.0
1115,26.0,248.0,121.0
1116,13.0,251.0,121.0
1117,336.0,251.0,121.0
1118,72.0,253.0,121.0
1119,319.0,253.0,121.0
1120,491.0,254.0,121.0
1121,177.0,257.0,121.0
1122,97.0,258.0,121.0
1123,283.0,258.0,121.0
1124,457.0,260.0,121.0
1125,111.0,262.0,121.0
1126,125.0,262.0,121.0
1127,226.0,266.0,121.0
1128,270.0,266.0,121.0
1129,66.0,269.0,121.0
1130,207.0,271.0,121.0
1131,486.0,276.0,121.0
1132,83.0,277.0,121.0
1133,216.0,282.0,121.0
1134,13.0,283.0,121.0
1135,131.0,285.0,121.0
1136,342.0,287.0,121.0
1137,475.0,288.0,121.0
1138,449.0,289.0,121.0
1139,185.0,290.0,121.0
1140,98.0,291.0,121.0
1141,301.0,291.0,121.0
1142,111.0,294.0,121.0
1143,55.0,303.0,121.0
1144,389.0,303.0,121.0
1145,450.0,307.0,121.0
1146,300.0,309.0,121.0
1147,68.0,310.0,121.0
1148,313.0,314.0,121.0
1149,371.0,314.0,121.0
1150,468.0,314.0,121.0
1151,251.0,315.0,121.0
1152,219.0,319.0,121.0
1153,491.0,319.0,121.0
1154,56.0,321.0,121.0
1155,270.0,322.0,121.0
1156,31.0,324.0,121.0
1157,195.0,324.0,121.0
1158,148.0,326.0,121.0
1159,86.0,327.0,121.0
1160,205.0,327.0,121.0
1161,351.0,328.0,121.0
1162,125.0,332.0,121.0
1163,278.0,332.0,121.0
1164,438.0,333.0,121.0
1165,332.0,335.0,121.0
1166,414.0,335.0,121.0
1167,236.0,336.0,121.0
1168,471.0,338.0,121.0
1169,34.0,344.0,121.0
1170,178.0,347.0,121.0
1171,387.0,347.0,121.0
1172,301.0,348.0,121.0
1173,104.0,350.0,121.0
1174,354.0,350.0,121.0
1175,211.0,351.0,121.0
1176,239.0,352.0,121.0
1177,78.0,354.0,121.0
1178,421.0,359.0,121.0
1179,136.0,361.0,121.0
1180,281.0,362.0,121.0
1181,322.0,363.0,121.0
1182,52.0,368.0,121.0
1183,125.0,369.0,121.0
1184,159.0,369.0,121.0
1185,341.0,369.0,121.0
1186,172.0,371.0,121.0
1187,313.0,375.0,121.0
1188,258.0,377.0,121.0
1189,29.0,378.0,121.0
1190,367.0,378.0,121.0
1191,474.0,378.0,121.0
1192,294.0,379.0,121.0
1193,241.0,386.0,121.0
1194,202.0,387.0,121.0
1195,487.0,389.0,121.0
1196,92.0,390.0,121.0
1197,383.0,390.0,121.0
1198,322.0,391.0,121.0
1199,283.0,395.0,121.0
1200,107.0,396.0,121.0
1201,147.0,396.0,121.0
1202,26.0,397.0,121.0
1203,460.0,397.0,121.0
1204,58.0,398.0,121.0
1205,475.0,406.0,121.0
1206,73.0,409.0,121.0
1207,446.0,409.0,121.0
1208,269.0,410.0,121.0
1209,369.0,410.0,121.0
1210,424.0,410.0,121.0
1211,306.0,411.0,121.0
1212,460.0,413.0,121.0
1213,488.0,415.0,121.0
1214,173.0,416.0,121.0
1215,233.0,416.0,121.0
1216,51.0,417.0,121.0
1217,101.0,421.0,121.0
1218,381.0,422.0,121.0
1219,308.0,429.0,121.0
1220,10.0,430.0,121.0
1221,393.0,430.0,121.0
1222,369.0,431.0,121.0
1223,32.0,432.0,121.0
1224,422.0,432.0,121.0
1225,189.0,433.0,121.0
1226,90.0,437.0,121.0
1227,295.0,443.0,121.0
1228,72.0,445.0,121.0
1229,350.0,447.0,121.0
1230,21.0,450.0,121.0
1231,278.0,450.0,121.0
1232,100.0,454.0,121.0
1233,365.0,455.0,121.0
1234,320.0,457.0,121.0
1235,448.0,459.0,121.0
1236,240.0,460.0,121.0
1237,430.0,460.0,121.0
1238,384.0,462.0,121.0
1239,411.0,468.0,121.0
1240,25.0,469.0,121.0
1241,174.0,471.0,121.0
1242,258.0,472.0,121.0
1243,43.0,473.0,121.0
1244,81.0,474.0,121.0
1245,358.0,475.0,121.0
1246,148.0,478.0,121.0
1247,33.0,484.0,121.0
1248,408.0,484.0,121.0
1249,68.0,485.0,121.0
1250,385.0,486.0,121.0
1251,276.0,487.0,121.0
1252,159.0,488.0,121.0
1253,195.0,490.0,121.0
1254,336.0,492.0,121.0
1255,353.0,492.0,121.0
1256,174.0,493.0,121.0
1257,491.0,495.0,121.0
1258,114.0,498.0,121.0
1259,19.0,501.0,121.0
1260,476.0,501.0,121.0
1261,6.0,504.0,121.0
1262,143.0,506.0,121.0
1263,217.0,512.0,121.0
1264,315.0,512.0,121.0
1265,255.0,513.0,121.0
1266,94.0,514.0,121.0
1267,183.0,517.0,121.0
1268,75.0,520.0,121.0
1269,22.0,521.0,121.0
1270,151.0,523.0,121.0
1271,333.0,523.0,121.0
1272,387.0,523.0,121.0
1273,434.0,523.0,121.0
1274,371.0,525.0,121.0
1275,491.0,525.0,121.0
1276,57.0,528.0,121.0
1277,419.0,528.0,121.0
1278,318.0,530.0,121.0
1279,243.0,531.0,121.0
1280,181.0,534.0,121.0
1281,405.0,539.0,121.0
1282,379.0,540.0,121.0
1283,307.0,541.0,121.0
1284,217.0,542.0,121.0
1285,166.0,543.0,121.0
1286,487.0,545.0,121.0
1287,180.0,548.0,121.0
1288,456.0,548.0,121.0
1289,99.0,549.0,121.0
1290,349.0,550.0,121.0
1291,113.0,552.0,121.0
1292,390.0,553.0,121.0
1293,474.0,553.0,121.0
1294,20.0,554.0,121.0
1295,236.0,556.0,121.0
1296,249.0,563.0,121.0
1297,364.0,563.0,121.0
1298,424.0,563.0,121.0
1299,160.0,565.0,121.0
1300,9.0,567.0,121.0
1301,192.0,571.0,121.0
1302,489.0,571.0,121.0
1303,93.0,573.0,121.0
1304,236.0,574.0,121.0
1305,24.0,575.0,121.0
1306,148.0,575.0,121.0
1307,255.0,575.0,121.0
1308,269.0,575.0,121.0
1309,330.0,575.0,121.0
1310,388.0,575.0,121.0
1311,477.0,575.0,121.0
1312,51.0,0.0,151.0
1313,76.0,0.0,151.0
1314,121.0,0.0,151.0
1315,228.0,0.0,151.0
1316,248.0,0.0,151.0
1317,288.0,0.0,151.0
1318,307.0,0.0,151.0
1319,364.0,0.0,151.0
1320,393.0,0.0,151.0
1321,427.0,0.0,151.0
1322,211.0,3.0,151.0
1323,466.0,3.0,151.0
1324,484.0,3.0,151.0
1325,4.0,4.0,151.0
1326,156.0,7.0,151.0
1327,317.0,15.0,151.0
1328,168.0,16.0,151.0
1329,111.0,17.0,151.0
1330,421.0,19.0,151.0
1331,205.0,21.0,151.0
1332,14.0,22.0,151.0
1333,225.0,22.0,151.0
1334,344.0,22.0,151.0
1335,69.0,25.0,151.0
1336,486.0,31.0,151.0
1337,292.0,32.0,151.0
1338,269.0,36.0,151.0
1339,90.0,37.0,151.0
1340,448.0,39.0,151.0
1341,465.0,39.0,151.0
1342,340.0,42.0,151.0
1343,29.0,43.0,151.0
1344,186.0,43.0,151.0
1345,364.0,45.0,151.0
1346,321.0,47.0,151.0
1347,460.0,53.0,151.0
1348,220.0,58.0,151.0
1349,93.0,60.0,151.0
1350,473.0,62.0,151.0
1351,247.0,63.0,151.0
1352,387.0,63.0,151.0
1353,116.0,65.0,151.0
1354,69.0,70.0,151.0
1355,176.0,71.0,151.0
1356,302.0,71.0,151.0
1357,45.0,72.0,151.0
1358,437.0,74.0,151.0
1359,241.0,78.0,151.0
1360,491.0,79.0,151.0
1361,469.0,82.0,151.0
1362,82.0,91.0,151.0
1363,378.0,91.0,151.0
1364,283.0,93.0,151.0
1365,350.0,95.0,151.0
1366,108.0,96.0,151.0
1367,184.0,98.0,151.0
1368,211.0,102.0,151.0
1369,310.0,102.0,151.0
1370,405.0,102.0,151.0
1371,422.0,105.0,151.0
1372,484.0,105.0,151.0
1373,35.0,106.0,151.0
1374,229.0,108.0,151.0
1375,274.0,111.0,151.0
1376,458.0,115.0,151.0
1377,96.0,116.0,151.0
1378,184.0,116.0,151.0
1379,163.0,118.0,151.0
1380,347.0,118.0,151.0
1381,125.0,119.0,151.0
1382,9.0,123.0,151.0
1383,201.0,128.0,151.0
1384,431.0,128.0,151.0
1385,395.0,130.0,151.0
1386,61.0,133.0,151.0
1387,182.0,135.0,151.0
1388,45.0,139.0,151.0
1389,241.0,141.0,151.0
1390,382.0,141.0,151.0
1391,150.0,142.0,151.0
1392,365.0,144.0,151.0
1393,394.0,144.0,151.0
1394,440.0,145.0,151.0
1395,327.0,149.0,151.0
1396,178.0,155.0,151.0
1397,421.0,155.0,151.0
1398,450.0,157.0,151.0
1399,57.0,160.0,151.0
1400,90.0,160.0,151.0
1401,387.0,160.0,151.0
1402,435.0,160.0,151.0
1403,298.0,161.0,151.0
1404,469.0,161.0,151.0
1405,43.0,164.0,151.0
1406,23.0,170.0,151.0
1407,338.0,171.0,151.0
1408,86.0,178.0,151.0
1409,105.0,179.0,151.0
1410,143.0,181.0,151.0
1411,73.0,184.0,151.0
1412,377.0,184.0,151.0
1413,158.0,185.0,151.0
1414,195.0,190.0,151.0
1415,450.0,197.0,151.0
1416,486.0,197.0,151.0
1417,96.0,199.0,151.0
1418,292.0,202.0,151.0
1419,182.0,205.0,151.0
1420,238.0,205.0,151.0
1421,463.0,205.0,151.0
1422,393.0,216.0,151.0
1423,425.0,217.0,151.0
1424,68.0,220.0,151.0
1425,283.0,222.0,151.0
1426,119.0,224.0,151.0
1427,255.0,227.0,151.0
1428,53.0,231.0,151.0
1429,142.0,233.0,151.0
1430,329.0,233.0,151.0
1431,222.0,235.0,151.0
1432,209.0,236.0,151.0
1433,318.0,243.0,151.0
1434,39.0,244.0,151.0
1435,303.0,244.0,151.0
1436,173.0,245.0,151.0
1437,152.0,247.0,151.0
1438,8.0,248.0,151.0
1439,68.0,251.0,151.0
1440,391.0,256.0,151.0
1441,467.0,265.0,151.0
1442,192.0,266.0,151.0
1443,166.0,272.0,151.0
1444,34.0,275.0,151.0
1445,419.0,279.0,151.0
1446,221.0,281.0,151.0
1447,95.0,282.0,151.0
1448,376.0,283.0,151.0
1449,15.0,284.0,151.0
1450,332.0,293.0,151.0
1451,470.0,295.0,151.0
1452,391.0,296.0,151.0
1453,344.0,299.0,151.0
1454,175.0,300.0,151.0
1455,273.0,300.0,151.0
1456,86.0,301.0,151.0
1457,100.0,303.0,151.0
1458,130.0,303.0,151.0
1459,146.0,308.0,151.0
1460,207.0,310.0,151.0
1461,413.0,310.0,151.0
1462,242.0,314.0,151.0
1463,226.0,316.0,151.0
1464,112.0,318.0,151.0
1465,368.0,322.0,151.0
1466,322.0,324.0,151.0
1467,25.0,327.0,151.0
1468,207.0,327.0,151.0
1469,270.0,327.0,151.0
1470,69.0,328.0,151.0
1471,384.0,331.0,151.0
1472,318.0,338.0,151.0
1473,196.0,344.0,151.0
1474,19.0,345.0,151.0
1475,303.0,346.0,151.0
1476,183.0,348.0,151.0
1477,111.0,350.0,151.0
1478,468.0,350.0,151.0
1479,160.0,352.0,151.0
1480,333.0,352.0,151.0
1481,246.0,354.0,151.0
1482,188.0,361.0,151.0
1483,411.0,365.0,151.0
1484,243.0,368.0,151.0
1485,491.0,368.0,151.0
1486,83.0,369.0,151.0
1487,437.0,369.0,151.0
1488,318.0,372.0,151.0
1489,121.0,373.0,151.0
1490,390.0,374.0,151.0
1491,27.0,381.0,151.0
1492,491.0,382.0,151.0
1493,211.0,384.0,151.0
1494,268.0,384.0,151.0
1495,423.0,385.0,151.0
1496,38.0,386.0,151.0
1497,351.0,388.0,151.0
1498,379.0,388.0,151.0
1499,411.0,390.0,151.0
1500,242.0,395.0,151.0
1501,471.0,395.0,151.0
1502,111.0,399.0,151.0
1503,305.0,399.0,151.0
1504,491.0,402.0,151.0
1505,388.0,403.0,151.0
1506,288.0,405.0,151.0
1507,60.0,406.0,151.0
1508,440.0,407.0,151.0
1509,419.0,410.0,151.0
1510,182.0,412.0,151.0
1511,222.0,412.0,151.0
1512,399.0,413.0,151.0
1513,43.0,414.0,151.0
1514,199.0,415.0,151.0
1515,271.0,415.0,151.0
1516,485.0,417.0,151.0
1517,360.0,418.0,151.0
1518,144.0,422.0,151.0
1519,254.0,426.0,151.0
1520,28.0,427.0,151.0
1521,330.0,427.0,151.0
1522,114.0,428.0,151.0
1523,94.0,432.0,151.0
1524,305.0,433.0,151.0
1525,456.0,433.0,151.0
1526,58.0,445.0,151.0
1527,193.0,445.0,151.0
1528,170.0,447.0,151.0
1529,394.0,450.0,151.0
1530,416.0,452.0,151.0
1531,289.0,454.0,151.0
1532,340.0,454.0,151.0
1533,19.0,455.0,151.0
1534,407.0,458.0,151.0
1535,269.0,459.0,151.0
1536,253.0,461.0,151.0
1537,361.0,461.0,151.0
1538,430.0,463.0,151.0
1539,93.0,470.0,151.0
1540,296.0,471.0,151.0
1541,390.0,471.0,151.0
1542,475.0,471.0,151.0
1543,307.0,472.0,151.0
1544,149.0,474.0,151.0
1545,114.0,476.0,151.0
1546,57.0,480.0,151.0
1547,211.0,483.0,151.0
1548,77.0,484.0,151.0
1549,490.0,486.0,151.0
1550,34.0,487.0,151.0
1551,459.0,490.0,151.0
1552,272.0,491.0,151.0
1553,178.0,493.0,151.0
1554,399.0,495.0,151.0
1555,93.0,496.0,151.0
1556,440.0,500.0,151.0
1557,274.0,501.0,151.0
1558,309.0,501.0,151.0
1559,211.0,507.0,151.0
1560,225.0,507.0,151.0
1561,258.0,509.0,151.0
1562,37.0,511.0,151.0
1563,490.0,512.0,151.0
1564,394.0,519.0,151.0
1565,468.0,522.0,151.0
1566,422.0,524.0,151.0
1567,92.0,525.0,151.0
1568,278.0,526.0,151.0
1569,244.0,529.0,151.0
1570,47.0,530.0,151.0
1571,177.0,533.0,151.0
1572,193.0,533.0,151.0
1573,380.0,533.0,151.0
1574,339.0,534.0,151.0
1575,262.0,535.0,151.0
1576,480.0,535.0,151.0
1577,107.0,541.0,151.0
1578,123.0,545.0,151.0
1579,270.0,547.0,151.0
1580,447.0,547.0,151.0
1581,490.0,547.0,151.0
1582,464.0,548.0,151.0
1583,85.0,549.0,151.0
1584,232.0,552.0,151.0
1585,315.0,553.0,151.0
1586,378.0,554.0,151.0
1587,366.0,562.0,151.0
1588,41.0,563.0,151.0
1589,491.0,566.0,151.0
1590,239.0,568.0,151.0
1591,333.0,568.0,151.0
1592,289.0,570.0,151.0
1593,468.0,571.0,151.0
1594,79.0,572.0,151.0
1595,376.0,572.0,151.0
1596,422.0,573.0,151.0
1597,103.0,575.0,151.0
1598,117.0,575.0,151.0
1599,152.0,575.0,151.0
1600,171.0,575.0,151.0
1601,196.0,575.0,151.0
1602,252.0,575.0,151.0
1603,354.0,575.0,151.0
1604,21.0,0.0,181.0
1605,90.0,0.0,181.0
1606,125.0,0.0,181.0
1607,210.0,0.0,181.0
1608,239.0,0.0,181.0
1609,357.0,0.0,181.0
1610,392.0,0.0,181.0
1611,425.0,0.0,181.0
1612,465.0,0.0,181.0
1613,303.0,3.0,181.0
1614,154.0,9.0,181.0
1615,343.0,11.0,181.0
1616,282.0,14.0,181.0
1617,263.0,15.0,181.0
1618,7.0,19.0,181.0
1619,138.0,21.0,181.0
1620,96.0,22.0,181.0
1621,169.0,22.0,181.0
1622,329.0,23.0,181.0
1623,121.0,26.0,181.0
1624,243.0,26.0,181.0
1625,30.0,31.0,181.0
1626,340.0,32.0,181.0
1627,485.0,33.0,181.0
1628,357.0,36.0,181.0
1629,83.0,37.0,181.0
1630,455.0,37.0,181.0
1631,288.0,41.0,181.0
1632,246.0,45.0,181.0
1633,230.0,47.0,181.0
1634,155.0,48.0,181.0
1635,185.0,48.0,181.0
1636,130.0,51.0,181.0
1637,208.0,54.0,181.0
1638,321.0,58.0,181.0
1639,435.0,58.0,181.0
1640,105.0,65.0,181.0
1641,214.0,75.0,181.0
1642,387.0,77.0,181.0
1643,140.0,79.0,181.0
1644,16.0,80.0,181.0
1645,240.0,83.0,181.0
1646,109.0,84.0,181.0
1647,361.0,85.0,181.0
1648,307.0,87.0,181.0
1649,34.0,94.0,181.0
1650,80.0,96.0,181.0
1651,114.0,99.0,181.0
1652,274.0,101.0,181.0
1653,479.0,101.0,181.0
1654,92.0,106.0,181.0
1655,165.0,109.0,181.0
1656,49.0,115.0,181.0
1657,77.0,115.0,181.0
1658,233.0,117.0,181.0
1659,435.0,123.0,181.0
1660,33.0,125.0,181.0
1661,337.0,126.0,181.0
1662,149.0,130.0,181.0
1663,358.0,135.0,181.0
1664,218.0,142.0,181.0
1665,407.0,149.0,181.0
1666,160.0,150.0,181.0
1667,123.0,156.0,181.0
1668,178.0,157.0,181.0
1669,377.0,161.0,181.0
1670,53.0,167.0,181.0
1671,77.0,168.0,181.0
1672,472.0,168.0,181.0
1673,201.0,170.0,181.0
1674,276.0,173.0,181.0
1675,410.0,174.0,181.0
1676,177.0,181.0,181.0
1677,122.0,183.0,181.0
1678,234.0,183.0,181.0
1679,361.0,183.0,181.0
1680,62.0,189.0,181.0
1681,166.0,193.0,181.0
1682,23.0,197.0,181.0
1683,48.0,198.0,181.0
1684,119.0,201.0,181.0
1685,36.0,209.0,181.0
1686,442.0,211.0,181.0
1687,215.0,213.0,181.0
1688,491.0,213.0,181.0
1689,151.0,216.0,181.0
1690,78.0,218.0,181.0
1691,286.0,224.0,181.0
1692,325.0,224.0,181.0
1693,137.0,226.0,181.0
1694,168.0,226.0,181.0
1695,66.0,227.0,181.0
1696,442.0,231.0,181.0
1697,356.0,232.0,181.0
1698,9.0,233.0,181.0
1699,447.0,245.0,181.0
1700,291.0,246.0,181.0
1701,210.0,247.0,181.0
1702,255.0,247.0,181.0
1703,269.0,247.0,181.0
1704,88.0,250.0,181.0
1705,337.0,250.0,181.0
1706,40.0,252.0,181.0
1707,460.0,253.0,181.0
1708,183.0,259.0,181.0
1709,212.0,263.0,181.0
1710,124.0,265.0,181.0
1711,303.0,267.0,181.0
1712,276.0,272.0,181.0
1713,329.0,272.0,181.0
1714,371.0,272.0,181.0
1715,152.0,279.0,181.0
1716,34.0,284.0,181.0
1717,411.0,284.0,181.0
1718,10.0,287.0,181.0
1719,367.0,287.0,181.0
1720,126.0,288.0,181.0
1721,486.0,290.0,181.0
1722,71.0,295.0,181.0
1723,310.0,297.0,181.0
1724,223.0,303.0,181.0
1725,427.0,304.0,181.0
1726,197.0,305.0,181.0
1727,116.0,306.0,181.0
1728,141.0,306.0,181.0
1729,483.0,307.0,181.0
1730,364.0,309.0,181.0
1731,98.0,312.0,181.0
1732,262.0,319.0,181.0
1733,412.0,319.0,181.0
1734,368.0,320.0,181.0
1735,180.0,321.0,181.0
1736,7.0,322.0,181.0
1737,389.0,328.0,181.0
1738,486.0,335.0,181.0
1739,414.0,336.0,181.0
1740,6.0,339.0,181.0
1741,308.0,339.0,181.0
1742,445.0,339.0,181.0
1743,244.0,344.0,181.0
1744,72.0,345.0,181.0
1745,55.0,347.0,181.0
1746,114.0,347.0,181.0
1747,194.0,349.0,181.0
1748,455.0,352.0,181.0
1749,333.0,354.0,181.0
1750,144.0,357.0,181.0
1751,380.0,359.0,181.0
1752,269.0,364.0,181.0
1753,78.0,365.0,181.0
1754,319.0,367.0,181.0
1755,26.0,368.0,181.0
1756,64.0,369.0,181.0
1757,393.0,370.0,181.0
1758,49.0,373.0,181.0
1759,105.0,375.0,181.0
1760,293.0,376.0,181.0
1761,259.0,381.0,181.0
1762,377.0,381.0,181.0
1763,356.0,385.0,181.0
1764,68.0,387.0,181.0
1765,468.0,387.0,181.0
1766,244.0,390.0,181.0
1767,307.0,391.0,181.0
1768,419.0,397.0,181.0
1769,320.0,399.0,181.0
1770,373.0,401.0,181.0
1771,479.0,402.0,181.0
1772,92.0,406.0,181.0
1773,216.0,409.0,181.0
1774,73.0,410.0,181.0
1775,178.0,412.0,181.0
1776,489.0,412.0,181.0
1777,131.0,413.0,181.0
1778,60.0,416.0,181.0
1779,196.0,418.0,181.0
1780,392.0,421.0,181.0
1781,421.0,421.0,181.0
1782,346.0,423.0,181.0
1783,374.0,423.0,181.0
1784,459.0,426.0,181.0
1785,108.0,429.0,181.0
1786,299.0,429.0,181.0
1787,156.0,432.0,181.0
1788,44.0,433.0,181.0
1789,418.0,434.0,181.0
1790,258.0,435.0,181.0
1791,391.0,435.0,181.0
1792,122.0,436.0,181.0
1793,438.0,436.0,181.0
1794,469.0,436.0,181.0
1795,91.0,440.0,181.0
1796,491.0,440.0,181.0
1797,197.0,441.0,181.0
1798,15.0,445.0,181.0
1799,252.0,451.0,181.0
1800,341.0,452.0,181.0
1801,383.0,452.0,181.0
1802,215.0,453.0,181.0
1803,326.0,453.0,181.0
1804,121.0,454.0,181.0
1805,158.0,454.0,181.0
1806,453.0,455.0,181.0
1807,230.0,457.0,181.0
1808,181.0,459.0,181.0
1809,491.0,459.0,181.0
1810,440.0,466.0,181.0
1811,473.0,466.0,181.0
1812,293.0,467.0,181.0
1813,391.0,468.0,181.0
1814,405.0,472.0,181.0
1815,67.0,473.0,181.0
1816,371.0,475.0,181.0
1817,168.0,480.0,181.0
1818,151.0,483.0,181.0
1819,26.0,486.0,181.0
1820,306.0,491.0,181.0
1821,467.0,492.0,181.0
1822,208.0,493.0,181.0
1823,357.0,494.0,181.0
1824,428.0,494.0,181.0
1825,92.0,495.0,181.0
1826,392.0,496.0,181.0
1827,136.0,504.0,181.0
1828,44.0,505.0,181.0
1829,269.0,507.0,181.0
1830,476.0,509.0,181.0
1831,308.0,511.0,181.0
1832,180.0,512.0,181.0
1833,243.0,512.0,181.0
1834,448.0,513.0,181.0
1835,421.0,515.0,181.0
1836,65.0,516.0,181.0
1837,134.0,519.0,181.0
1838,230.0,522.0,181.0
1839,491.0,522.0,181.0
1840,348.0,524.0,181.0
1841,386.0,526.0,181.0
1842,40.0,527.0,181.0
1843,468.0,530.0,181.0
1844,250.0,531.0,181.0
1845,358.0,534.0,181.0
1846,490.0,534.0,181.0
1847,8.0,535.0,181.0
1848,222.0,535.0,181.0
1849,185.0,536.0,181.0
1850,118.0,539.0,181.0
1851,154.0,539.0,181.0
1852,209.0,539.0,181.0
1853,425.0,539.0,181.0
1854,477.0,543.0,181.0
1855,64.0,544.0,181.0
1856,97.0,544.0,181.0
1857,197.0,547.0,181.0
1858,240.0,550.0,181.0
1859,313.0,552.0,181.0
1860,338.0,558.0,181.0
1861,125.0,559.0,181.0
1862,389.0,562.0,181.0
1863,486.0,564.0,181.0
1864,46.0,566.0,181.0
1865,191.0,568.0,181.0
1866,459.0,569.0,181.0
1867,290.0,570.0,181.0
1868,253.0,571.0,181.0
1869,318.0,571.0,181.0
1870,429.0,572.0,181.0
1871,23.0,575.0,181.0
1872,104.0,575.0,181.0
1873,269.0,575.0,181.0
1874,377.0,575.0,181.0
1875,401.0,575.0,181.0
1876,473.0,575.0,181.0
1877,4.0,0.0,211.0
1878,40.0,0.0,211.0
1879,106.0,0.0,211.0
1880,123.0,0.0,211.0
1881,147.0,0.0,211.0
1882,174.0,0.0,211.0
1883,218.0,0.0,211.0
1884,270.0,0.0,211.0
1885,301.0,0.0,211.0
1886,328.0,0.0,211.0
1887,416.0,0.0,211.0
1888,435.0,0.0,211.0
1889,466.0,0.0,211.0
1890,193.0,1.0,211.0
1891,283.0,2.0,211.0
1892,20.0,5.0,211.0
1893,66.0,7.0,211.0
1894,363.0,8.0,211.0
1895,482.0,19.0,211.0
1896,367.0,22.0,211.0
1897,23.0,26.0,211.0
1898,204.0,29.0,211.0
1899,127.0,30.0,211.0
1900,224.0,33.0,211.0
1901,186.0,36.0,211.0
1902,65.0,37.0,211.0
1903,15.0,40.0,211.0
1904,425.0,44.0,211.0
1905,158.0,48.0,211.0
1906,144.0,49.0,211.0
1907,387.0,49.0,211.0
1908,185.0,50.0,211.0
1909,2.0,51.0,211.0
1910,42.0,53.0,211.0
1911,324.0,53.0,211.0
1912,471.0,57.0,211.0
1913,335.0,60.0,211.0
1914,455.0,60.0,211.0
1915,347.0,62.0,211.0
1916,68.0,68.0,211.0
1917,100.0,68.0,211.0
1918,491.0,79.0,211.0
1919,297.0,81.0,211.0
1920,171.0,86.0,211.0
1921,454.0,87.0,211.0
1922,18.0,89.0,211.0
1923,68.0,90.0,211.0
1924,184.0,90.0,211.0
1925,441.0,90.0,211.0
1926,421.0,91.0,211.0
1927,52.0,92.0,211.0
1928,340.0,92.0,211.0
1929,147.0,93.0,211.0
1930,355.0,95.0,211.0
1931,306.0,101.0,211.0
1932,22.0,103.0,211.0
1933,490.0,104.0,211.0
1934,11.0,109.0,211.0
1935,437.0,111.0,211.0
1936,76.0,112.0,211.0
1937,458.0,114.0,211.0
1938,342.0,115.0,211.0
1939,21.0,116.0,211.0
1940,373.0,124.0,211.0
1941,490.0,124.0,211.0
1942,153.0,125.0,211.0
1943,410.0,126.0,211.0
1944,239.0,127.0,211.0
1945,442.0,131.0,211.0
1946,0.0,132.0,211.0
1947,73.0,136.0,211.0
1948,103.0,136.0,211.0
1949,289.0,137.0,211.0
1950,491.0,139.0,211.0
1951,30.0,140.0,211.0
1952,44.0,140.0,211.0
1953,166.0,143.0,211.0
1954,473.0,147.0,211.0
1955,345.0,150.0,211.0
1956,34.0,153.0,211.0
1957,183.0,154.0,211.0
1958,222.0,155.0,211.0
1959,79.0,160.0,211.0
1960,401.0,161.0,211.0
1961,352.0,163.0,211.0
1962,178.0,164.0,211.0
1963,201.0,168.0,211.0
1964,7.0,174.0,211.0
1965,41.0,177.0,211.0
1966,317.0,179.0,211.0
1967,382.0,184.0,211.0
1968,52.0,185.0,211.0
1969,87.0,186.0,211.0
1970,419.0,186.0,211.0
1971,396.0,188.0,211.0
1972,74.0,191.0,211.0
1973,223.0,193.0,211.0
1974,180.0,194.0,211.0
1975,357.0,194.0,211.0
1976,457.0,195.0,211.0
1977,62.0,198.0,211.0
1978,488.0,203.0,211.0
1979,3.0,204.0,211.0
1980,175.0,213.0,211.0
1981,188.0,214.0,211.0
1982,283.0,214.0,211.0
1983,421.0,217.0,211.0
1984,51.0,218.0,211.0
1985,247.0,220.0,211.0
1986,168.0,222.0,211.0
1987,192.0,228.0,211.0
1988,391.0,229.0,211.0
1989,491.0,230.0,211.0
1990,363.0,234.0,211.0
1991,406.0,234.0,211.0
1992,302.0,244.0,211.0
1993,443.0,248.0,211.0
1994,466.0,249.0,211.0
1995,150.0,250.0,211.0
1996,363.0,250.0,211.0
1997,36.0,253.0,211.0
1998,165.0,254.0,211.0
1999,10.0,261.0,211.0
2000,345.0,261.0,211.0
2001,43.0,262.0,211.0
2002,212.0,263.0,211.0
2003,396.0,267.0,211.0
2004,222.0,270.0,211.0
2005,129.0,271.0,211.0
2006,94.0,272.0,211.0
2007,13.0,276.0,211.0
2008,250.0,284.0,211.0
2009,180.0,285.0,211.0
2010,300.0,285.0,211.0
2011,89.0,289.0,211.0
2012,102.0,291.0,211.0
2013,239.0,293.0,211.0
2014,26.0,295.0,211.0
2015,203.0,295.0,211.0
2016,464.0,295.0,211.0
2017,185.0,296.0,211.0
2018,425.0,298.0,211.0
2019,309.0,304.0,211.0
2020,32.0,312.0,211.0
2021,285.0,312.0,211.0
2022,442.0,312.0,211.0
2023,12.0,314.0,211.0
2024,55.0,317.0,211.0
2025,153.0,318.0,211.0
2026,340.0,318.0,211.0
2027,67.0,321.0,211.0
2028,361.0,322.0,211.0
2029,387.0,326.0,211.0
2030,441.0,329.0,211.0
2031,136.0,331.0,211.0
2032,300.0,331.0,211.0
2033,401.0,332.0,211.0
2034,491.0,340.0,211.0
2035,425.0,341.0,211.0
2036,45.0,342.0,211.0
2037,273.0,347.0,211.0
2038,341.0,347.0,211.0
2039,306.0,348.0,211.0
2040,3.0,352.0,211.0
2041,34.0,354.0,211.0
2042,51.0,355.0,211.0
2043,430.0,355.0,211.0
2044,491.0,363.0,211.0
2045,378.0,364.0,211.0
2046,134.0,368.0,211.0
2047,150.0,370.0,211.0
2048,192.0,372.0,211.0
2049,0.0,377.0,211.0
2050,73.0,378.0,211.0
2051,328.0,380.0,211.0
2052,264.0,382.0,211.0
2053,299.0,382.0,211.0
2054,366.0,383.0,211.0
2055,178.0,385.0,211.0
2056,485.0,388.0,211.0
2057,227.0,390.0,211.0
2058,333.0,395.0,211.0
2059,138.0,397.0,211.0
2060,368.0,397.0,211.0
2061,312.0,399.0,211.0
2062,110.0,405.0,211.0
2063,490.0,407.0,211.0
2064,337.0,408.0,211.0
2065,460.0,408.0,211.0
2066,269.0,418.0,211.0
2067,291.0,421.0,211.0
2068,16.0,422.0,211.0
2069,170.0,422.0,211.0
2070,358.0,422.0,211.0
2071,380.0,424.0,211.0
2072,48.0,430.0,211.0
2073,71.0,432.0,211.0
2074,472.0,433.0,211.0
2075,31.0,443.0,211.0
2076,168.0,445.0,211.0
2077,254.0,449.0,211.0
2078,427.0,449.0,211.0
2079,4.0,454.0,211.0
2080,113.0,456.0,211.0
2081,477.0,460.0,211.0
2082,490.0,464.0,211.0
2083,56.0,472.0,211.0
2084,20.0,477.0,211.0
2085,211.0,485.0,211.0
2086,272.0,491.0,211.0
2087,141.0,493.0,211.0
2088,357.0,495.0,211.0
2089,437.0,495.0,211.0
2090,152.0,502.0,211.0
2091,445.0,507.0,211.0
2092,175.0,508.0,211.0
2093,29.0,509.0,211.0
2094,381.0,510.0,211.0
2095,468.0,520.0,211.0
2096,171.0,521.0,211.0
2097,350.0,521.0,211.0
2098,281.0,524.0,211.0
2099,26.0,530.0,211.0
2100,187.0,532.0,211.0
2101,206.0,532.0,211.0
2102,14.0,536.0,211.0
2103,369.0,539.0,211.0
2104,287.0,540.0,211.0
2105,311.0,540.0,211.0
2106,244.0,543.0,211.0
2107,81.0,545.0,211.0
2108,226.0,547.0,211.0
2109,333.0,551.0,211.0
2110,260.0,553.0,211.0
2111,156.0,554.0,211.0
2112,487.0,557.0,211.0
2113,365.0,558.0,211.0
2114,36.0,559.0,211.0
2115,343.0,562.0,211.0
2116,242.0,567.0,211.0
2117,329.0,568.0,211.0
2118,486.0,568.0,211.0
2119,35.0,573.0,211.0
2120,3.0,575.0,211.0
2121,137.0,575.0,211.0
2122,189.0,575.0,211.0
2123,204.0,575.0,211.0
2124,290.0,575.0,211.0
2125,316.0,575.0,211.0
2126,348.0,575.0,211.0
2127,407.0,575.0,211.0
2128,421.0,575.0,211.0
2129,201.0,0.0,241.0
2130,12.0,0.0,271.0
2131,90.0,0.0,271.0
2132,99.0,0.0,271.0
2133,126.0,0.0,271.0
2134,193.0,0.0,271.0
2135,208.0,0.0,271.0
2136,270.0,0.0,271.0
2137,316.0,0.0,271.0
2138,358.0,0.0,271.0
2139,378.0,0.0,271.0
2140,407.0,0.0,271.0
2141,417.0,0.0,271.0
2142,441.0,0.0,271.0
2143,491.0,6.0,271.0
2144,488.0,17.0,271.0
2145,11.0,32.0,271.0
2146,455.0,37.0,271.0
2147,484.0,44.0,271.0
2148,267.0,47.0,271.0
2149,296.0,56.0,271.0
2150,11.0,66.0,271.0
2151,344.0,75.0,271.0
2152,312.0,80.0,271.0
2153,77.0,88.0,271.0
2154,2.0,96.0,271.0
2155,481.0,104.0,271.0
2156,320.0,110.0,271.0
2157,437.0,111.0,271.0
2158,467.0,130.0,271.0
2159,62.0,132.0,271.0
2160,85.0,142.0,271.0
2161,125.0,152.0,271.0
2162,312.0,152.0,271.0
2163,26.0,154.0,271.0
2164,487.0,164.0,271.0
2165,431.0,178.0,271.0
2166,457.0,181.0,271.0
2167,88.0,187.0,271.0
2168,1.0,196.0,271.0
2169,440.0,218.0,271.0
2170,86.0,220.0,271.0
2171,344.0,221.0,271.0
2172,411.0,221.0,271.0
2173,326.0,228.0,271.0
2174,184.0,235.0,271.0
2175,398.0,235.0,271.0
2176,0.0,238.0,271.0
2177,102.0,251.0,271.0
2178,316.0,253.0,271.0
2179,41.0,260.0,271.0
2180,491.0,261.0,271.0
2181,0.0,264.0,271.0
2182,107.0,272.0,271.0
2183,2.0,294.0,271.0
2184,106.0,294.0,271.0
2185,472.0,314.0,271.0
2186,12.0,322.0,271.0
2187,320.0,339.0,271.0
2188,88.0,343.0,271.0
2189,2.0,345.0,271.0
2190,74.0,351.0,271.0
2191,3.0,360.0,271.0
2192,179.0,364.0,271.0
2193,143.0,383.0,271.0
2194,175.0,383.0,271.0
2195,477.0,392.0,271.0
2196,2.0,393.0,271.0
2197,59.0,397.0,271.0
2198,491.0,402.0,271.0
2199,429.0,430.0,271.0
2200,58.0,431.0,271.0
2201,0.0,432.0,271.0
2202,491.0,436.0,271.0
2203,333.0,438.0,271.0
2204,115.0,443.0,271.0
2205,103.0,450.0,271.0
2206,2.0,453.0,271.0
2207,383.0,454.0,271.0
2208,67.0,455.0,271.0
2209,109.0,464.0,271.0
2210,76.0,468.0,271.0
2211,491.0,468.0,271.0
2212,5.0,471.0,271.0
2213,85.0,482.0,271.0
2214,24.0,483.0,271.0
2215,326.0,487.0,271.0
2216,97.0,491.0,271.0
2217,484.0,500.0,271.0
2218,122.0,509.0,271.0
2219,16.0,510.0,271.0
2220,443.0,513.0,271.0
2221,388.0,514.0,271.0
2222,131.0,518.0,271.0
2223,426.0,520.0,271.0
2224,148.0,531.0,271.0
2225,324.0,533.0,271.0
2226,294.0,536.0,271.0
2227,491.0,538.0,271.0
2228,172.0,539.0,271.0
2229,317.0,542.0,271.0
2230,328.0,542.0,271.0
2231,14.0,547.0,271.0
2232,287.0,547.0,271.0
2233,340.0,548.0,271.0
2234,491.0,554.0,271.0
2235,189.0,555.0,271.0
2236,268.0,555.0,271.0
2237,303.0,558.0,271.0
2238,250.0,560.0,271.0
2239,2.0,564.0,271.0
2240,491.0,564.0,271.0
2241,55.0,575.0,271.0
2242,129.0,575.0,271.0
2243,164.0,575.0,271.0
2244,186.0,575.0,271.0
2245,367.0,575.0,271.0
2246,377.0,575.0,271.0
2247,399.0,575.0,271.0
2248,429.0,575.0,271.0
2249,474.0,575.0,271.0
