FrameNumber, NCC, OriginalFrameNumber, Strip0_NCC, Strip0_XShift, Strip0_YShift, Strip10_NCC, Strip10_XShift, Strip10_YShift, Strip11_NCC, Strip11_XShift, Strip11_YShift, Strip12_NCC, Strip12_XShift, Strip12_YShift, Strip13_NCC, Strip13_XShift, Strip13_YShift, Strip14_NCC, Strip14_XShift, Strip14_YShift, Strip15_NCC, Strip15_XShift, Strip15_YShift, Strip16_NCC, Strip16_XShift, Strip16_YShift, Strip17_NCC, Strip17_XShift, Strip17_YShift, Strip18_NCC, Strip18_XShift, Strip18_YShift, Strip19_NCC, Strip19_XShift, Strip19_YShift, Strip1_NCC, Strip1_XShift, Strip1_YShift, Strip20_NCC, Strip20_XShift, Strip20_YShift, Strip21_NCC, Strip21_XShift, Strip21_YShift, Strip22_NCC, Strip22_XShift, Strip22_YShift, Strip23_NCC, Strip23_XShift, Strip23_YShift, Strip24_NCC, Strip24_XShift, Strip24_YShift, Strip25_NCC, Strip25_XShift, Strip25_YShift, Strip26_NCC, Strip26_XShift, Strip26_YShift, Strip2_NCC, Strip2_XShift, Strip2_YShift, Strip3_NCC, Strip3_XShift, Strip3_YShift, Strip4_NCC, Strip4_XShift, Strip4_YShift, Strip5_NCC, Strip5_XShift, Strip5_YShift, Strip6_NCC, Strip6_XShift, Strip6_YShift, Strip7_NCC, Strip7_XShift, Strip7_YShift, Strip8_NCC, Strip8_XShift, Strip8_YShift, Strip9_NCC, Strip9_XShift, Strip9_YShift, XShift, YShift
1, 0.9805190563201904, 7, 0.9719023108482361, -3, 15, 0.9731448292732239, 1.0004700031535663, 14.000098656738544, 0.9727973341941833, 1.9984808663830762, 13.998667598684278, 0.9731737375259399, 2.00089292892595, 12.997211148461474, 0.9828922152519226, -0.000405016857015994, 0.00043573860574497303, 0.9976080656051636, -0.0003814923040863505, -0.0010533107789001406, 0.9992150664329529, 0.0001905681123304248, 0.0010088684342690613, 0.9997045397758484, -0.00044873858806226963, -0.00039819917469685606, 0.9726453423500061, -6.999564806946708, -2.9987064484776056, 0.9726587533950806, 1.9975714876014052, 8.999128827463096, 0.9688748717308044, 3.9968909152620284, 8.999366896239735, 0.9731283187866211, 4.999301485804821, 21.999767093006152, 0.9725717902183533, 5.99922839201885, 8.99893240068684, 0.9705345630645752, 7.001251723207105, 9.003107201358375, 0.9701737761497498, -23.000089656635282, -27.999722831694612, 0.9826712608337402, -29.9998975057606, -25.998696488499718, 0.9868271946907043, -0.00020756984532965816, 0.0002629667994824558, 0.9869481921195984, 0.00019116627161963606, -0.0003417661298499297, 0.985289990901947, -0.0002084430462190312, 0.0035623632529677707, 0.9637437462806702, 0.9998375519831058, 20.00155764929559, 0.9686766862869263, -0.003581726162906307, 19.99992408628566, 0.9701827764511108, -0.9999621069978133, 17.999977609698192, 0.9731371402740479, -2.0005594924929255, 18.000529024544846, 0.9696359634399414, -0.0017270674068043945, 19.001351829746966, 0.9734165072441101, 0.9985789007799042, 19.999979211944037, 0.9714679718017578, 0.999903818539849, 19.008464532176788, 0.951917290687561, 1.9995100858645003, 17.003848401360756, 30, 128
2, 0.9852522015571594, 8, 0.9749129414558411, -3.0015027595619586, 1.0022175893041947, 0.9734471440315247, 1.9973375134178326, -8.00127245512084, 0.9731931686401367, -0.9983240391895265, -10.000355144770879, 0.9725220799446106, -1.99944439788041, -11.000581847392823, 0.9784539937973022, -0.0022570202460627797, -0.0004260541735447987, 0.9976080656051636, -0.0003814923040863505, -0.0010533107789001406, 0.9992150664329529, 0.0001905681123304248, 0.0010088684342690613, 0.9997045397758484, -0.00044873858806226963, -0.00039819917469685606, 0.9711779952049255, -1.0021479100468866, 4.000243156655756, 0.9737102389335632, -2.000534112932229, 7.997655679627428, 0.9720099568367004, -1.9996042633263897, 7.0006278466264575, 0.9740267395973206, -3.99906794199606, -1.9991969711875086, 0.9731598496437073, -2.001014637777587, 7.001578129698714, 0.9706456065177917, -1.0027042694413666, 9.00352858268161, 0.9738951325416565, -31.00100522241644, -31.998044368138494, 0.9862693548202515, -0.0004702182206415273, -0.00027746275645768037, 0.9868271946907043, -0.00020756984532965816, 0.0002629667994824558, 0.9869481921195984, 0.00019116627161963606, -0.0003417661298499297, 0.985289990901947, -0.0002084430462190312, 0.0035623632529677707, 0.9709416627883911, -4.002846582376236, -2.002997685663189, 0.9751280546188354, -3.9994817382679884, -2.0009492127156534, 0.9760841727256775, -4.000505028097024, -1.0008223674677197, 0.9759091734886169, -1.0013396448987208, 1.0021529612973268, 0.975982666015625, 1.0000308413726202, 0.9990803010388447, 0.9743742346763611, 3.00172779427443, 0.9979610567607438, 0.9476510882377625, 83.00209002035281, 28.99930787984985, 0.975584864616394, 4.000395264947457, -5.002243386680789, 17, 125
3, 0.9832679033279419, 9, 0.9730430841445923, -6.001904159614369, 4.001468132888691, 0.9746553301811218, 2.997663095399048, -1.00034024314931, 0.975429117679596, 1.0002091747569608, -1.9997202688938387, 0.9757055044174194, 0.0006613903515528818, -2.0011987154563258, 0.9751326441764832, -0.9997741180024207, -2.0003882656128553, 0.9895302057266235, -0.0033163689944046837, -0.003185758594156596, 0.9992150664329529, 0.0001905681123304248, 0.0010088684342690613, 0.9997045397758484, -0.00044873858806226963, -0.00039819917469685606, 0.9728297591209412, -1.9989852014789449, 5.999778812432567, 0.97749924659729, -3.000470153970511, 7.9981745215152955, 0.9734157919883728, -2.002397041209491, 9.001177820600105, 0.9739633798599243, -9.00095285890518, 0.9998968630478231, 0.975697934627533, -3.9998103804886966, 12.001141047626675, 0.9739215970039368, -4.999877573682241, 15.99938807281859, 0.9733496904373169, -6.999008408283146, 18.00120958030635, 0.9779831171035767, -14.000978969954232, 5.001209784074092, 0.9868271946907043, -0.00020756984532965816, 0.0002629667994824558, 0.9869481921195984, 0.00019116627161963606, -0.0003417661298499297, 0.985289990901947, -0.0002084430462190312, 0.0035623632529677707, 0.9702974557876587, -11.001594734930691, -1.0017572402084909, 0.9762514233589172, -10.000693363628002, -2.9997590883088208, 0.9760144352912903, -8.001254021816735, -3.99988196294575, 0.9732505679130554, -5.002193899244517, -4.0005828948017665, 0.9775845408439636, -2.0020931898653487, -2.9992085031389593, 0.9734005331993103, 0.9964984705750481, 0.0007003376990724064, 0.9527571201324463, 79.00090152269716, 32.99979639052347, 0.9748703837394714, 3.0017715874427893, -1.0030711016343048, 20, 98
4, 0.9873951077461243, 10, 0.9773423671722412, 1.9999804494009652, 1.0007536844868454, 0.9750018119812012, 2.9992448474243503, -12.002574355489685, 0.9728217124938965, 1.0017568213744568, -16.001157218178378, 0.976953387260437, 0.9986711153177765, -19.995121942668163, 0.9754227995872498, -0.0013901508845179933, -21.99997920286745, 0.9713259935379028, -0.0024560238532842504, -0.004345102868967388, 0.9992150664329529, 0.0001905681123304248, 0.0010088684342690613, 0.9997045397758484, -0.00044873858806226963, -0.00039819917469685606, 0.9759878516197205, 0.9992564293442285, 1.000978518449756, 0.9757103323936462, -0.9987111992375901, 2.000427673326044, 0.9739843606948853, -0.998788704798514, 2.9992921072041554, 0.9774655103683472, 0.0007330485800309816, 0.001783693402231279, 0.9753385782241821, -0.002518744070499679, 3.999052071742483, 0.9733237624168396, -1.9984975580340745, 4.00099168016726, 0.9743795394897461, -1.999224729660142, 3.9989398676848396, 0.984009861946106, -0.0011867267181742136, 0.0005939436912854035, 0.9868271946907043, -0.00020756984532965816, 0.0002629667994824558, 0.9869481921195984, 0.00019116627161963606, -0.0003417661298499297, 0.985289990901947, -0.0002084430462190312, 0.0035623632529677707, 0.9702425003051758, -1.0035301028477335, 0.9963215010794215, 0.9762910008430481, -1.0002076921933707, 0.0008259564478976245, 0.9781511425971985, -0.00030522792351916905, -0.0005598181870993812, 0.97547447681427, 1.0000660452925842, 0.0022884252807671146, 0.9793017506599426, 1.9974933276753148, -0.9983807506670246, 0.9761143922805786, 1.000630908538028, -1.0024961268414074, 0.9570838212966919, 1.9932310307770251, -3.0045528182888575, 0.977085530757904, 4.000034089687617, -8.000608534514186, 14, 82
5, 0.9884698987007141, 11, 0.9772692918777466, -3.0014878325867898, 11.000612768262714, 0.9779276847839355, 1.9977421971210703, -0.9984823443318191, 0.9788158535957336, 2.0023597247400176, 0.0019622726048282857, 0.9787746071815491, 3.9995172809732082, 0.9994055054572755, 0.9760460257530212, 5.999339735657003, 0.0021202752824365234, 0.9739324450492859, 6.999414720294908, -2.002585496582924, 0.9733533263206482, 7.995700322583929, -3.9991279190533646, 0.9997045397758484, -0.00044873858806226963, -0.00039819917469685606, 0.9789919853210449, 0.9998042235266098, 9.998301763597965, 0.9774643182754517, 1.9978951272253767, 11.001694198375503, 0.9784173965454102, 2.003316362980442, 12.997623006150832, 0.979210376739502, -2.9998578230875097, 8.000629865897565, 0.9791318774223328, 2.0045220215372552, 12.998131345525337, 0.978124737739563, 3.0024335937118707, 12.999292974734885, 0.9756689667701721, 2.0034794926899195, 11.001295545137225, 0.9767872095108032, 2.0018113185547293, 10.001589929215015, 0.9868271946907043, -0.00020756984532965816, 0.0002629667994824558, 0.9869481921195984, 0.00019116627161963606, -0.0003417661298499297, 0.985289990901947, -0.0002084430462190312, 0.0035623632529677707, 0.9753162860870361, -2.00030390782905, 6.000344312913612, 0.978544294834137, -1.0014783632481965, 2.9982118911141526, 0.9794013500213623, 0.0008722462389840757, 0.9982843299464434, 0.9788187742233276, 0.9970978043370167, -0.9987880472558572, 0.9805036783218384, 0.996752966633295, -1.9999751150705265, 0.9774035811424255, 0.9965704213126685, -1.000142381041485, 0.9559438228607178, 2.008115104594083, -0.9974213136833328, 0.9793005585670471, 1.0018883063212058, -2.0015280506966064, 19, 53
6, 0.9896742701530457, 12, 0.9791181683540344, -2.0012318746715607, 2.9992330075290994, 0.9783661961555481, -0.001467402813972285, 1.001822033787505, 0.9774763584136963, -0.9986365654806377, 2.0017949403342072, 0.9792090654373169, -0.0015049090087586592, 3.0007568145726964, 0.9741266965866089, 1.9949787098117469, 4.000373330718958, 0.9773293733596802, 3.9973870884822986, 4.996948952497291, 0.9744587540626526, 6.99648819779074, 6.000343498437928, 0.9987186193466187, -0.0004556690773114269, -0.0009291891300335919, 0.9779036641120911, -0.001732841147187969, 2.0014605884312004, 0.9790313243865967, 1.001409616641027, 4.001151305632334, 0.9801063537597656, 2.0027545040629917, 4.997325707913774, 0.9771856069564819, -2.0004305153153297, -0.001375902068801338, 0.979397177696228, 4.001251549994535, 4.999013654783141, 0.9790435433387756, 5.99850371148878, 4.998326582290076, 0.9791661500930786, 6.001504869629784, 3.999248605877483, 0.9800736308097839, 6.998348238939045, 2.9999511969210175, 0.9821563959121704, 6.000489881856211, 2.998437773069213, 0.9824535846710205, 6.000252029722901, 2.998173524707113, 0.985289990901947, -0.0002084430462190312, 0.0035623632529677707, 0.9773549437522888, -1.9998255036043275, -1.999060994800601, 0.9801425933837891, -1.0015842674186928, -3.0014196952081704, 0.9767418503761292, 0.997831253219104, -3.9986599313886586, 0.9796380400657654, 1.9992771182205615, -1.9988308177274519, 0.9804633259773254, 2.000815045742101, -1.0004231735134113, 0.9797191619873047, 0.9984904228016944, 8.083308890149965e-05, 0.9460550546646118, -0.9995339236555623, 1.0056850694784316, 0.9776164293289185, -0.0014067382888214297, -0.002562668481118635, 22, 45
7, 0.9897953271865845, 13, 0.9809019565582275, 1.9980990324728793, 5.00050312306815, 0.9727661609649658, 0.9986170102841072, -3.0011304183630614, 0.9811950325965881, -0.0016847293547925801, -3.00042727053102, 0.9817956686019897, 0.000620311942071794, -2.0019672798513852, 0.9815625548362732, -0.00038219057321953187, -0.9983899691267197, 0.9791878461837769, 0.9952722836073207, -0.9999932281591555, 0.9834902286529541, 1.0003833287700274, -0.0015422517523120405, 0.9997045397758484, -0.00044873858806226963, -0.00039819917469685606, 0.974969208240509, 1.998157256148744, 1.0003240110807496, 0.9757017493247986, 2.9983002839902895, 1.0007694407662484, 0.9798903465270996, 3.00108697799034, 0.9993491810280943, 0.9803550243377686, 0.0012776194016907994, 1.0023629515631427, 0.9777882695198059, 3.001130041890434, 0.001389750579619431, 0.9745174646377563, 2.999435979798008, -0.0007808371041733153, 0.9766406416893005, 2.003612982296744, -1.0008062246301392, 0.979990541934967, 2.002665782269176, -1.998620770351522, 0.9819439649581909, 2.0018572022306955, -1.0019308936756488, 0.9821184873580933, 2.001766713056739, -1.0026855373259878, 0.9852607250213623, -9.155133651006508e-05, 0.0035096532275247228, 0.9732451438903809, -0.9991773250491605, 0.0007944792891265706, 0.9800506234169006, -1.0004566944331543, 0.0013486626656060707, 0.9816839694976807, -1.0009849010709786, 0.9969905016192229, 0.9821467995643616, -0.002424656001366543, 2.0031779127498908, 0.9826434254646301, -0.002161126205749042, 2.0002345530725734, 0.9805359840393066, 0.0009799861646087038, 2.0011036142042826, 0.9572311639785767, 89, 37, 0.9793112277984619, 1.001715233994389, -2.0007339761056073, 16, 50
8, 0.9892137050628662, 14, 0.982916533946991, -7.000566705613366, 4.998508738837346, 0.9809853434562683, 0.9983721433466997, -3.0007181825593534, 0.9812904596328735, -0.0009865657502245995, -4.001497522118768, 0.9677256345748901, -0.0014484444299398547, -4.000471684015565, 0.9749943614006042, -0.005471993647091722, -4.996608173491609, 0.9820553660392761, 0.9966075622148765, -6.001080858967725, 0.9793716073036194, 0.9980722042816268, -6.996816990759726, 0.9890350103378296, -5.415410456066638e-06, -0.0012596354879406135, 0.9788188934326172, -0.9986100072913331, 2.000999069111799, 0.9752259254455566, -0.9985110051513431, 4.000217215724945, 0.9766843914985657, -0.9978822144218782, 3.998943372471672, 0.9817925095558167, -7.999550042370899, 2.0005039928390502, 0.9796976447105408, -0.0019686288675160313, 3.9968205662646596, 0.974765956401825, -0.0027847334083901387, 3.000855458218723, 0.9751406908035278, -0.0002599142499093432, 2.000906343899885, 0.9790498614311218, 0.001213831699203638, 1.998975111331788, 0.9807354807853699, 1.0009170640093004, 2.0009371517188583, 0.9806066751480103, 1.0012893409366797, 2.0010869248678773, 0.9776796102523804, 0.9989656421071942, 3.002430372501408, 0.9796223640441895, -6.999817845886781, 0.00349770300573482, 0.9807069897651672, -4.997991666189435, -0.003708420516318256, 0.9815851449966431, -1.0010319208844152, -0.9993621491729812, 0.9826362133026123, 0.9997145890736192, 0.002289309037081466, 0.9822405576705933, 1.9983283190749574, 0.9984059054030467, 0.9818201065063477, 1.9961678175163087, 1.000503097119406, 0.9484103918075562, 2.004276355495648, 0.004050118777229272, 0.9790036678314209, 1.0022783736401095, -2.0031632510475106, 17, 36
9, 0.990024983882904, 15, 0.9827337861061096, 2.0013522490213234, -5.998849359426366, 0.9823552966117859, 0.9983712689472952, 0.00131890341270946, 0.9815520644187927, -1.0012368657721993, 7.619097050337587e-05, 0.9807345867156982, -1.9994642324882648, -0.0009091083749694917, 0.9827529191970825, -1.9985460286419965, -0.0013655244566734837, 0.9817691445350647, -1.0012368175647026, -1.0006979964947504, 0.9782202243804932, -0.002158650372820148, -1.9999854959863228, 0.9824091196060181, 0.0012629005774016377, -3.000028708481409, 0.9796848893165588, -1.0006930237707081, 0.9986457672064262, 0.9796581268310547, -0.9991132234554527, 0.9989438999550657, 0.980160653591156, 0.0009918667262809322, 0.9972407778830643, 0.9807640910148621, 0.9985633200708861, -7.001207664511526, 0.9800078868865967, 8.336284817289652e-05, 1.0002171610343566, 0.9799981117248535, -0.0005489197229451293, -8.91527383828361e-05, 0.9792554378509521, 0.9998667217653434, -0.003649330081941571, 0.9805319309234619, 1.9999023284208022, 0.9993173685106171, 0.9815633296966553, 2.0023954674793174, 2.0021922958587766, 0.9821416139602661, 2.9996908817715138, 2.9996256765768976, 0.9813694357872009, 3.000087629887858, 3.003694189777775, 0.9805355072021484, -0.0010027884746790505, -7.0017912172069146, 0.9828588366508484, -1.0017419614862746, -6.0004391326838515, 0.9839158654212952, -1.0004561125915643, -4.000619494857858, 0.9814844131469727, -0.0028214750457493665, -1.9964092551913666, 0.9813955426216125, 1.0006197148800595, -0.0009261622861345131, 0.9817572832107544, 2.0013954778820278, 1.0018462524153051, 0.9549973011016846, 2.995877876386203, 1.0121016113897099, 0.9785721898078918, 2.9990162257284396, -0.0019220018099872505, 13, 20
10, 0.9874141216278076, 16, 0.9808835983276367, 0.0006254609975684389, 1.0016647135895091, 0.9747678637504578, 4.003365456838935, -1.002012808845393, 0.9809337854385376, 4.996907395194114, -0.9981207927195328, 0.9816918969154358, 3.9992320339823806, 0.0009187281310687467, 0.9827255010604858, 1.9980325007519468, 1.000770683676194, 0.9829583168029785, 1.9955468474504556, 1.0002019306975285, 0.976652979850769, 1.997233148788709, 0.002164314980461768, 0.9821551442146301, 1.9986124574378437, -1.0011319774798721, 0.9824550747871399, 1.9995791560277638, -0.9997809937402167, 0.9820189476013184, 3.001032870434102, 0.9986580717240372, 0.9830746650695801, 4.001097636161859, 2.0016377744328224, 0.9796218872070312, -2.0031574013173667, -1.9995711855738207, 0.9818623661994934, 5.002531046210947, 3.000536414219482, 0.9815436601638794, 6.000007178586273, 4.999522210838677, 0.9810647368431091, 5.99993921152236, 5.997074299748931, 0.9835935831069946, 6.002047135677415, 5.999375721485933, 0.9809908270835876, 6.0012266337407425, 6.000739807040418, 0.9811939001083374, 6.001066477484784, 6.001212067470533, 0.9825665950775146, 5.999514783854025, 7.003873163496223, 0.9816787838935852, -4.003264866891882, -3.0005657459258828, 0.983963668346405, -5.001387299879838, -2.9988987419898194, 0.9830488562583923, -5.00051940966074, -1.0006266599257856, 0.9836485981941223, -4.003257127404893, 0.999888478414789, 0.9832040071487427, -3.999033243891745, 1.0014567749753098, 0.982093095779419, -2.997834773894681, 1.9967976636947071, 0.9581352472305298, -0.003899998324129683, 1.0032068749914629, 0.9785006642341614, 1.9996217652024768, -0.008037727829844243, 13, 9
11, 0.9928352236747742, 17, 0.9820166230201721, -0.001538788384763734, 4.999818111452409, 0.9823840260505676, 0.002417562117287275, -0.0019260806224679072, 0.9827601313591003, 0.0018232612997337583, 1.000364307251914, 0.9830785989761353, 1.9986601873244325, 2.99957661110318, 0.9828863739967346, 2.000935633673336, 3.000207742546877, 0.9825518727302551, 2.0011297898165026, 1.9970990298899665, 0.9796931743621826, 2.0012591317866963, 1.0001003525492251, 0.9824066162109375, 0.9987842380691063, 8.85708991518186e-05, 0.9999997615814209, -0.0005152240105275041, 0.0005001360060532534, 1.0000001192092896, 0.00018036220697581484, 0.002262254563561328, 1.0000001192092896, 0.0007149777025148296, -0.0006775311582600807, 0.9825360774993896, -2.9998353017673764, 1.9995705867290638, 1.000000238418579, -0.0002362324860030185, 0.0002019914729203265, 1.0000001192092896, -0.0005446795582031427, 0.00018006777372647775, 0.9999997019767761, 0.0008124272392251441, -0.0019418313725054759, 1.000000238418579, 2.568539392200364e-05, 0.0003301536693243179, 0.9999998807907104, -0.00038150493416821973, 0.00017472839169840881, 1.0000001192092896, 2.2713044629085744e-05, -0.0009048746518374173, 1.0000001192092896, 0.0006167031533976797, 0.0017563427848017454, 0.9826116561889648, -4.000518440910653, 0.0014119391058500241, 0.9843723177909851, -3.99698061503382, -0.9992092756102835, 0.9823075532913208, -1.999931392858997, -0.9979986705976103, 0.9837161302566528, -0.0027170048214060216, 0.00021815839210148624, 0.9838148951530457, -0.0017744192779076684, 0.0010730483580800865, 0.9839731454849243, -0.000743377816391444, 0.0017743766423450325, 0.9598740935325623, 0.9982650907581387, 0.005079613688792506, 0.9801913499832153, 0.0006711100142524629, -1.0057207779348118, 9, -2
12, 0.989922821521759, 18, 0.9830986857414246, -1.9987766797409137, -3.9999487765298127, 0.9827287793159485, 0.0024330282996913866, -2.0003094916768873, 0.9832141399383545, -0.002448374668929887, -4.001568241698294, 0.9844561219215393, -0.998386746348018, -5.000796998987994, 0.9835509061813354, -1.000039298193002, -3.9977229166345296, 0.9836770296096802, -0.0006632659460166224, -2.0015306564705497, 0.9777243733406067, 1.0001081977597153, 1.0011252233719006, 0.981677770614624, 0.9989059946644119, 2.0002366820052657, 0.982581377029419, -0.0005260538375324586, -0.0015329719404917341, 0.98133784532547, 0.0010995810955023444, 0.003910412508730587, 0.9821668863296509, 0.0005977811404420663, 1.0010033036990649, 0.9827518463134766, -4.000654433522598, -4.998383961755451, 0.9821189641952515, -1.0006142047283504, 2.001426559329161, 0.9817445278167725, -2.0032690005963047, 2.002035750914672, 0.9804328083992004, -3.001829109691485, 2.997084469645074, 0.9821398258209229, -4.000398295284953, 3.9979358270169314, 0.9837027192115784, -4.999681354519268, 4.002831249286828, 0.9836372137069702, -4.999952898644253, 4.002748320745695, 0.9837610721588135, -5.001588637243202, 4.005480443362671, 0.9773088693618774, -5.998006072851695, -4.999562159216055, 0.9841949939727783, -5.999858267945612, -3.001282316536475, 0.9830996990203857, -3.9999193290644115, -1.9988862744851303, 0.9838738441467285, -1.0024040744354181, 0.0031708520985773703, 0.983827531337738, 0.9984337378312063, 1.0014591791645557, 0.982263445854187, 1.0033225531027057, 2.001610236504348, 0.9529659748077393, 81.99977868059649, 33.00088158722767, 0.9789049029350281, 0.9993102630132711, -0.005847241581250273, 7, -5
13, 0.9999998211860657, 19, 1, 0.00030220849069451106, -5.321458193563444e-05, 1, -2.9416057373055082e-05, 0.0006954370005018973, 0.9999998807907104, 0.00044264711424091274, -0.00011313253327216444, 1, 0.00019279064358102005, -0.0009191936690058355, 1.000000238418579, -0.00037953456559591814, 0.0005175183227379421, 0.9999998807907104, -0.00012030968792942076, -0.001318239291208556, 1, 0.00010643232735674246, 0.0009565962404849415, 0.9999998807907104, -0.00040404925317716334, -0.00028935305840604997, , , , , , , , , , 1.0000001192092896, -2.4261724149710062e-06, 0.000805404291682521, , , , , , , , , , , , , , , , , , , , , , 1, -0.00023245036214802894, -0.00038733069069962767, 0.9999998211860657, 0.0004905379223174577, -0.0009679303070413425, 1, 8.938269115787989e-05, -0.00042506827264787717, 0.9999999403953552, -0.00029633288616537357, 0.0005992249112409809, 1.0000001192092896, -1.1868771949252732e-05, 0.00013765242997010319, 1, 0.00015161924038409325, 0.0003514425632147322, 1.0000001192092896, 0.00016761857797575885, 0.001746779151744704, 1, -3.997217679341247e-05, -0.004346850495153376, 0, 0
14, 0.9855636358261108, 20, 0.9833447337150574, -1.0004234144988828, -3.000831994769765, 0.9794126152992249, 1.9973018004672554, -2.000172414675319, 0.9820252060890198, -0.0013023012651558474, -4.998426440504716, 0.98371422290802, -2.0003146770256848, -7.003401976840394, 0.9830083250999451, -2.9980170271396105, -8.997285828581994, 0.9842000007629395, -2.0000649665902017, -8.998080729044943, 0.9791192412376404, -1.996876212689699, -8.000184935712582, 0.984237015247345, -1.9993564180442576, -8.0004684464908, , , , , , , , , , 0.9820845127105713, -3.001508652244226, -4.999834442806559, , , , , , , , , , , , , , , , , , , , , , 0.9818975329399109, -4.002431236190205, -4.998385349373706, 0.9842562675476074, -4.998263092619609, -5.002482153445868, 0.9840750694274902, -3.001712777014461, -4.000590615113509, 0.9837577939033508, -2.999369653105461, -0.9995819004482769, 0.9831858277320862, -1.9998046955956852, 0.998715571564901, 0.9821845293045044, 0.00011093230077108274, 2.9970883051780675, 0.9406308531761169, 76, 34, 0.9774205684661865, 3.002365760227704, 0.9885527654869861, -5, 8
15, 0.9794004559516907, 66, 0.9792813658714294, 1.9998229364139064, 9.000011115149373, 0.9774657487869263, 3.9983661898857292, 10.999055416768613, 0.9773045778274536, 4.000185942553728, 9.996544104478119, 0.9758150577545166, 3.002408748462628, 9.000580236204371, 0.9776330590248108, 0.0025952837805647277, 0.0020266571235083575, 0.9976080656051636, -0.0003814923040863505, -0.0010533107789001406, 0.9992150664329529, 0.0001905681123304248, 0.0010088684342690613, 0.9997045397758484, -0.00044873858806226963, -0.00039819917469685606, , , , , , , , , , 0.9785245656967163, 0.9981084249279064, 8.00089897855468, , , , , , , , , , , , , , , , , , , , , , 0.975512683391571, -1.0011303764190274, 8.000017775542943, 0.9783598184585571, -0.9995519102766792, 8.997547007043522, 0.9784882068634033, 0.0005808615609765866, 8.998473496540242, 0.9780949354171753, 2.0006113912024546, 10.001510685045275, 0.9790081977844238, 2.999603491924603, 12.000081173007345, 0.9761976599693298, 3.000659099440753, 13.998643887244384, 0.9690017104148865, 2.0027681812876352, 15.00940201289876, 0.9601922631263733, 2.9921832938422313, 11.996674023947207, -35, 128
16, 0.9859567880630493, 67, 0.9789623022079468, 2.00131855862719, -2.998520528898755, 0.9757550358772278, -0.9976797523822967, -3.00107433493838, 0.9719597101211548, -3.000704290753191, -4.000469086968224, 0.9764809608459473, -3.999175974099245, -3.9998332922809823, 0.9802334308624268, -0.0024138828978550464, -0.0009594024885473118, 0.9976080656051636, -0.0003814923040863505, -0.0010533107789001406, 0.9992150664329529, 0.0001905681123304248, 0.0010088684342690613, 0.9997045397758484, -0.00044873858806226963, -0.00039819917469685606, , , , , , , , , , 0.9778096079826355, 0.001043927957169899, -2.996955914547762, , , , , , , , , , , , , , , , , , , , , , 0.9745197892189026, -0.9988810753927453, -2.0037787720983715, 0.9777154326438904, -1.9988963517805445, -1.0026642347502843, 0.9783196449279785, -0.9986466958392981, -0.9998703290888784, 0.9782774448394775, -0.0006491062216014143, 1.000957253902186, 0.9783170223236084, -0.0010607622703560082, 2.000006904840518, 0.9776566624641418, 0.0010850103592758842, 3.000003014513254, 0.9599025845527649, 90, 38, 0.9725849628448486, 1.0019905791685204, -2.0028761559535724, -39, 124
17, 0.9880703687667847, 68, 0.9797807931900024, 2.0001388497779544, 5.000308550059147, 0.9753867387771606, -2.9993257238116797, -2.002860009025426, 0.9769436717033386, -2.999014497493846, -0.9987329876285003, 0.9775177836418152, -2.9986215646597714, 0.0008969867817540944, 0.9752112030982971, -2.9968154002888667, 0.9997898212898235, 0.9924306273460388, -0.002638491551991251, -0.00010306198555554147, 0.9992150664329529, 0.0001905681123304248, 0.0010088684342690613, 0.9997045397758484, -0.00044873858806226963, -0.00039819917469685606, , , , , , , , , , 0.9779671430587769, 0.9994030092006483, 2.0014967434378548, , , , , , , , , , , , , , , , , , , , , , 0.9756740927696228, 0.998729668676205, 0.9996165143398343, 0.9780004024505615, 1.0001635712148271, -0.0025459637558640225, 0.9779394865036011, 3.000054572665533, -1.9984426040790026, 0.9793617725372314, 2.0003420374333984, -0.9975895988077923, 0.9783887267112732, 0.00047435748059854177, -0.9986830340633901, 0.9783351421356201, -1.9983228601972343, -0.9977735557204142, 0.9591966867446899, -3.9991312515795414, 22.001421896856982, 0.9739880561828613, -2.998416834221942, -3.00288263617972, -51, 102
18, 0.9877327084541321, 69, 0.9789592623710632, 0.999065375877791, 3.001568957306368, 0.9774752855300903, 1.0003500336667628, -9.000428326463975, 0.9786540865898132, 1.0015745293479341, -10.001345930545085, 0.9774429202079773, 1.0001842979000912, -10.999678313486982, 0.9666586518287659, 1.0032740858724907, -10.997327405977046, 0.9751008749008179, 0.002658821950234369, 0.0007048799677704665, 0.9992150664329529, 0.0001905681123304248, 0.0010088684342690613, 0.9997045397758484, -0.00044873858806226963, -0.00039819917469685606, , , , , , , , , , 0.9759922623634338, 1.0008546010832333, 1.0017862466539569, , , , , , , , , , , , , , , , , , , , , , 0.975587010383606, 1.9991960507376518, 0.0020151799727301523, 0.9779625535011292, 2.999024560690245, -1.0003718573468063, 0.9791243672370911, 2.000767490801053, -1.99936253316028, 0.9782772064208984, 0.0019646199921794505, -1.0001198707806793, 0.9787781834602356, -1.001116883890731, -1.0017159060866163, 0.9792839884757996, -1.0007676294662673, -1.9988860314867907, 0.9548730254173279, 76.00118850730166, 28.000382949114424, 0.9763169288635254, 2.0000660376264676, -7.000568733567775, -59, 88
19, 0.9851795434951782, 143, 0.9747309684753418, 1.0003664132453594, 0.0008681061500617204, 0.9752466082572937, -1.9998500048043155, -10.998463762816527, 0.9731655120849609, -4.997884720407114, -12.999806234299399, 0.9761518239974976, -6.000495467564633, -13.999284969992459, 0.9723131656646729, -8.000528494895676, -13.997132603394618, 0.9976080656051636, -0.0003814923040863505, -0.0010533107789001406, 0.9992150664329529, 0.0001905681123304248, 0.0010088684342690613, 0.9997045397758484, -0.00044873858806226963, -0.00039819917469685606, , , , , , , , , , 0.9732961058616638, -0.0004401742179283019, 0.001351101735124871, , , , , , , , , , , , , , , , , , , , , , 0.9680781960487366, -0.9970433592041985, 0.00022900105261669523, 0.9744252562522888, -6.844940338623928e-05, 0.9982780844808588, 0.9751322865486145, 8.859319369491914e-05, -0.001726611996673455, 0.97676682472229, 0.9989008359394802, 0.0010817676093211048, 0.97691810131073, -0.0009091389173505604, -1.000339988634778, 0.9749072790145874, -0.0016382403193233586, -1.9976594943574355, 0.9624404907226562, -0.0001697271593741334, 21.006062046746166, 0.9736063480377197, 0.0008364336053432453, -7.001481767462906, -56, 117
20, 0.9857472777366638, 144, 0.9774391055107117, 0.001405577961719473, -1.998375474079218, 0.9741101861000061, 1.0002312017826824, -5.001464865628407, 0.974815309047699, 0.0004776692822900941, -6.9998936659342235, 0.9755280613899231, -0.9991979705150698, -9.001113525810183, 0.9736523032188416, -2.0019902949027113, -13.994955332224777, 0.974461555480957, -0.0026053924223532476, -0.0006800162907438789, 0.9992150664329529, 0.0001905681123304248, 0.0010088684342690613, 0.9997045397758484, -0.00044873858806226963, -0.00039819917469685606, , , , , , , , , , 0.974365770816803, -0.0011233753510850875, -1.9986436417430085, , , , , , , , , , , , , , , , , , , , , , 0.9698410630226135, -0.997949025011394, -3.002478384528615, 0.97525954246521, -0.9999238595524531, -2.000623553853302, 0.9770936369895935, -1.0002606804067966, -1.0010223664174305, 0.9766144156455994, -1.0000825951555896, 0.00022065279779326374, 0.9766919612884521, -1.0008799677069504, 0.0009822872702898167, 0.9761798977851868, -0.9974652494600775, 1.0011291876819826, 0.9576854705810547, 90, 35, 0.9740781784057617, 2.0013365385973003, -3.9997380347754756, -66, 84
21, 0.985404908657074, 145, 0.9774956703186035, 2.999313082092442, -6.998904197699012, 0.9737277626991272, -2.0007762320464053, -1.9998310297867192, 0.9733654260635376, -2.9987020003733846, -1.0005467857445751, 0.97492915391922, -3.9970437514747488, 0.00018003489179818644, 0.9752658605575562, -4.001584349498856, 3.0005030428127952, 0.9722896814346313, -4.999784017000081, 4.999043548079442, 0.9913241863250732, 0.0005050444458589709, 0.0016534974175783645, 0.9997045397758484, -0.00044873858806226963, -0.00039819917469685606, , , , , , , , , , 0.9725842475891113, 1.0013909710586688, -5.999197357728477, , , , , , , , , , , , , , , , , , , , , , 0.973832368850708, 0.9971712538465596, -5.0015741999781085, 0.9754589796066284, -0.00024243518564048827, -2.002740240649814, 0.9760245084762573, 0.9997926177585725, -1.0009460763277502, 0.9761558771133423, 1.0007910650584932, 1.0006626258358438, 0.9764603972434998, -0.00016223570337103865, 0.9989902975881648, 0.9760827422142029, -0.9986043889816045, 0.9996712387092259, 0.9574331641197205, 35.0006572020768, 32.999319839985105, 0.9729408621788025, 0.000657752144263668, -2.001955556232417, -70, 68
22, 0.9849092364311218, 146, 0.9760637879371643, 1.9994054640909695, 5.000223128491758, 0.9739996790885925, 1.9998230552592418, -0.0004350860407384971, 0.9737982153892517, 1.0014485350291409, 1.9994823835291982, 0.9740650653839111, 0.0009883494454925312, 4.0014861643700215, 0.9765999913215637, 1.0031575445716214, 7.00237326943693, 0.9737169146537781, 2.0019479701440446, 5.999186426260792, 0.9933342337608337, 0.00010475175557189687, 0.0015971021690006637, 0.9997045397758484, -0.00044873858806226963, -0.00039819917469685606, , , , , , , , , , 0.974439263343811, -0.9989896286072906, 1.000494160981546, , , , , , , , , , , , , , , , , , , , , , 0.9702367782592773, -2.9973998770804826, -1.999715033400605, 0.9762452244758606, -3.000258423194097, -4.001768357693891, 0.9758275747299194, -3.9996078087261964, -5.000738390472549, 0.976510226726532, -2.000776473608653, -3.000804838996544, 0.9750508069992065, -1.0011155903370934, -2.000861115014061, 0.9738844037055969, 1.001252649401195, -0.9944699685654541, 0.9616924524307251, 90, 36, 0.9718221426010132, 4.00167021529785, -2.00078180364153, -71, 70
23, 0.9843565821647644, 147, 0.9782704710960388, 0.0006197282612561139, 7.001110798854182, 0.973828136920929, 2.999316540234844, -2.0001396123832365, 0.9738970398902893, 2.0020011034668386, -1.0000655109867012, 0.9743414521217346, 2.001561644815638, 0.00034010490281843886, 0.9755620956420898, 1.9985525262324728, 0.003591179348688911, 0.9745821356773376, 0.001287991521039089, 0.9976442505590057, 0.9901087284088135, 0.001005203762716178, 0.0011938471437247244, 0.9997045397758484, -0.00044873858806226963, -0.00039819917469685606, , , , , , , , , , 0.9741978645324707, -2.999341747500708, 3.9996611770774564, , , , , , , , , , , , , , , , , , , , , , 0.9663925766944885, -2.9991665679072668, 0.001230998525073801, 0.9739872217178345, -2.998769837664426, -0.9994720661431273, 0.9767910838127136, -2.000365379555234, -2.001321993028256, 0.9763327836990356, -0.9994272463552818, -0.00014744439783953567, 0.9762090444564819, -0.0010007691791855677, -0.9987353189243322, 0.9765148162841797, 0.0014126498782474073, -0.9978345531862374, 0.9589856863021851, 2.000886020740097, 22.00304516527146, 0.9740381240844727, 2.003691410717167, -3.002791607437075, -62, 66
24, 0.9843221306800842, 148, 0.9764481782913208, 1.0007726908604013, 2.00200936751925, 0.9711784720420837, 5.001223595620758, -3.0009880879626394, 0.9706946015357971, 2.001689224709878, -3.0002821802863764, 0.9746076464653015, 0.001899288742933436, -2.0008572615707862, 0.9760469198226929, -1.9996476874030549, -0.996736807970592, 0.9746463894844055, -3.0035934794692594, -0.9996348457517001, 0.9864247441291809, -0.0031820476786776908, -0.00033002541266569096, 0.9997045397758484, -0.00044873858806226963, -0.00039819917469685606, , , , , , , , , , 0.9740909337997437, -0.9999919062080949, 0.9998154769778154, , , , , , , , , , , , , , , , , , , , , , 0.9714571237564087, -2.0006099344307984, -0.0006943508550136812, 0.9764367341995239, -2.0014026156028706, -0.0017297463983965145, 0.9761993288993835, -2.9996457878184515, -1.9992845922237166, 0.9764413833618164, -1.0014450471453529, -1.0006755759386863, 0.977502167224884, -0.002093544542802306, -2.0005989464553977, 0.9758579730987549, 1.0005570396982364, -0.9993445433652255, 0.9594987630844116, 88, 35, 0.9731553196907043, 6.0026755551391915, -2.99854757257026, -57, 62
25, 0.9863794445991516, 149, 0.9762440919876099, 4.00014686186141, -3.9980810447910002, 0.9733530879020691, 1.0021854767562104, -4.000698739134066, 0.9736453294754028, 0.0016070901007907423, -6.00235905264617, 0.9756879210472107, -0.0018428184025651717, -6.002247064301628, 0.9755433797836304, -1.999968937434204, -4.996985341399693, 0.9739665389060974, -2.0040807328340833, -4.0010389202952865, 0.9822335243225098, -0.0032666704214676656, 0.00016638046486150415, 0.9997045397758484, -0.00044873858806226963, -0.00039819917469685606, , , , , , , , , , 0.9729853868484497, 1.9994883874601754, -4.998914442445972, , , , , , , , , , , , , , , , , , , , , , 0.9732550382614136, 0.0006789660521064889, -4.001246592205078, 0.9746116399765015, -0.0006689892844207179, -3.000232240093027, 0.9751223921775818, 0.999121987426804, -3.000747218120125, 0.9769757986068726, 0.0006393841727856397, -1.0002350912428142, 0.9757125973701477, -0.9993057570989095, -0.0021522409971055367, 0.9778016209602356, -1.0010763053468992, 1.0015034359564652, 0.9584939479827881, -0.004554288065961032, 1.0084023989923594, 0.9719131588935852, 1.0017954681002266, 0.0019805980937803724, -61, 58
26, 0.9841002821922302, 150, 0.9775227308273315, 2.0013743134083484, 3.0032761805538506, 0.9750067591667175, -0.0020313208921010073, -5.003175864335162, 0.9751425385475159, 0.0005704942752942088, -5.001100206756746, 0.9755045771598816, 0.9989861129254933, -4.000479439414619, 0.9758911728858948, 1.999876029328334, -1.9992019723694057, 0.9610930681228638, 2.0007817162641715, -0.9960184269494334, 0.9718002080917358, 2.0023547197845346, 0.0009738775441974212, 0.9997045397758484, -0.00044873858806226963, -0.00039819917469685606, , , , , , , , , , 0.9710803031921387, 4.225892213582938e-05, 0.0009614994669959742, , , , , , , , , , , , , , , , , , , , , , 0.9723505973815918, 0.0009321632641388078, -0.0009258762413253407, 0.9770110249519348, -0.0003939959525780523, -1.0001585401716824, 0.9761855006217957, -0.0005057537217965091, -1.0001411528230335, 0.9766761660575867, 1.0007626621827939, 0.9996811135312669, 0.9766514301300049, 0.0026224964143324314, 0.998996854155962, 0.9733638167381287, 0.000690041572681821, 1.0003451483887318, 0.9432015419006348, 52.99728249469714, 28.00025149441214, 0.9747989177703857, 0.0016896612943639866, -3.0034675996570286, -69, 47
27, 0.9843664765357971, 178, 0.9768170714378357, 6.999187084482244, 13.000844213315409, 0.9744868874549866, 1.0013266803411938, 0.9986331389845873, 0.9757377505302429, 1.0028262640710892, 0.0013184289929881743, 0.9729472398757935, 1.9995037106625375, 0.00022759007748618387, 0.9709556102752686, 2.9983756427106982, -0.9987000972044484, 0.9607120752334595, 2.0008239194159927, 0.0023192681000523407, 0.971558690071106, 0.9998750803158885, -2.0004451771277445, 0.9932678937911987, 8.132180690267887e-05, -0.0011838921096796184, , , , , , , , , , 0.974649965763092, 4.000137689504399, 9.001824345609151, , , , , , , , , , , , , , , , , , , , , , 0.9676105380058289, 4.995621286307852, 9.000017939454239, 0.973583996295929, 4.997572508379761, 6.999530540213016, 0.9763652086257935, 4.999116698098433, 3.0002309229942625, 0.976375937461853, 5.999403864569203, 2.000201636573564, 0.9744671583175659, 4.9999027536507725, 1.000730861005394, 0.9725901484489441, 2.9988791649665814, 0.9996922404934594, 0.9560084342956543, -85, -38, 0.9712346196174622, 1.9988226755422573, -0.00793967877666546, 128, 39
28, 0.9863867163658142, 179, 0.9756750464439392, 2.001404024448007, -3.000633400311095, 0.9736807346343994, 0.9989698654314338, 1.0004407501560308, 0.9755162596702576, -0.9977782660250085, 1.99776576848069, 0.9751731753349304, -2.0006569246955337, 2.000790990182338, 0.9725468158721924, -2.9999902832809937, 2.001436195914266, 0.9725889563560486, -3.0019542437575666, 2.9976809333107894, 0.966418445110321, -2.0047510435976506, 2.9984053796463286, 0.9928403496742249, -0.0022321577798294356, 0.0006368990606233638, , , , , , , , , , 0.9740566611289978, 1.9992567308555493, -4.002463448726111, , , , , , , , , , , , , , , , , , , , , , 0.9703114032745361, 0.9972444842020849, -4.001199212862531, 0.976298987865448, 0.9991149597191651, -2.9979703165113563, 0.9768930673599243, -0.0004291980586401678, -0.9989763741633908, 0.9766958355903625, -0.998279935529709, -4.4055920795926795e-05, 0.9725217819213867, 0.9993972300078866, 0.0024326501115297106, 0.9770371913909912, 0.9988387139704002, 1.0035026236913325, 0.9577592015266418, 85, 34, 0.9718963503837585, 1.9995603509329385, -0.0067690102601432045, 121, 40
29, 0.9853973984718323, 180, 0.9756932258605957, -1.0004133122446461, -0.9981543092528682, 0.9751895070075989, -0.9982432580711276, 0.0003327857640442744, 0.9775726199150085, -1.0014103542616226, 1.9992593163063361, 0.9718273282051086, -1.9996136328173577, 3.998786027493054, 0.9604429006576538, 0.9969770645103182, 7.0000288748833555, 0.9694230556488037, 1.9982942465541527, 6.998840770497338, 0.9706087112426758, 4.997440910457328, 5.998665759108576, 0.9997045397758484, -0.00044873858806226963, -0.00039819917469685606, , , , , , , , , , 0.9720786213874817, -3.999933847662433, -1.9998728719464722, , , , , , , , , , , , , , , , , , , , , , 0.9724677205085754, -5.001627747714949, -2.001855135325343, 0.9754879474639893, -4.001141550888562, -1.9987310655828736, 0.9763731956481934, -2.0010149096889336, -0.999235075738909, 0.9759091138839722, -0.0009742419749159126, 0.9997573510776192, 0.974102258682251, 1.9975169705056857, 1.00128067080729, 0.9752417206764221, 2.9976871872061253, 2.0000970816692814, 0.9555487632751465, 84.99923539166237, 32.999161234993494, 0.9705305099487305, 1.998651239131064, -1.0057549020532974, 112, 50
30, 0.9835024476051331, 181, 0.9761843085289001, 1.0005708855263862, 0.0006277866921138298, 0.9738114476203918, 1.998832343604434, -0.0002951359224425687, 0.9728248119354248, 0.9998559669682265, -0.0015125111850124995, 0.9752048850059509, 0.001085504017396488, 0.9995849139946813, 0.9731338024139404, -0.00023036175861079755, 3.001175267787687, 0.9680976271629333, -0.007055850170232247, 4.000161346354844, 0.9697418212890625, -0.006086235463740763, 0.005902312408295529, 0.9997045397758484, -0.00044873858806226963, -0.00039819917469685606, , , , , , , , , , 0.9701277017593384, -1.0006540135877344, -2.998527736741657, , , , , , , , , , , , , , , , , , , , , , 0.9744219779968262, -2.0011825836656385, -3.0001411029455767, 0.9757034778594971, -2.0003558360264293, -0.9994489480902189, 0.976000189781189, -1.0005209257290915, 1.0007767769493512, 0.9773688316345215, 0.0006977763065236786, 3.001325229639548, 0.9744541645050049, 0.9977545805531349, 4.999727668861766, 0.9713633060455322, 2.001071927918005, 5.00105185334894, 0.9489812254905701, -90, -38, 0.9669908881187439, 1.0008521640516648, -14.000454683359862, 116, 52
31, 0.9842254519462585, 182, 0.9762982726097107, -3.0005155298138817, 10.000374797363818, 0.9711621999740601, 1.0003445591338789, -2.0006757685621324, 0.9768378138542175, 0.0009646645738712323, -0.9983807400103615, 0.971539318561554, -1.0003374845187523, -0.0023381404718065824, 0.9637320041656494, -1.0023696552395762, -0.003802550492366663, 0.9733923673629761, -1.003621893220938, 0.9999407756776009, 0.9721831679344177, -0.9987924403811803, 1.9990704144782967, 0.994813084602356, -0.0012074789054565827, 0.0005488797081625307, , , , , , , , , , 0.9724040627479553, -4.001784038034685, 8.000600701722846, , , , , , , , , , , , , , , , , , , , , , 0.9731501340866089, -4.001157117939712, 7.0012102260873235, 0.9749161005020142, -2.002277094023725, 5.000896579263028, 0.976503849029541, -2.0014200391975265, 4.0015709174383005, 0.9750078320503235, -0.9991546699329632, 4.0028425717293885, 0.9742115139961243, -6.963110011781737e-05, 3.9995970781117762, 0.9744985699653625, 1.0000094512959805, 2.999635916144797, 0.9561197757720947, -19.99860932055212, 29.002859740935747, 0.9704114198684692, 2.999116614498533, -2.0030191437653, 118, 40
32, 0.9867215752601624, 183, 0.9765254855155945, 3.9999867462710483, 6.999278287235537, 0.9747845530509949, 1.0006734797968022, 1.999816198840108, 0.9762436151504517, 1.0010629596994391, 1.9979783563870228, 0.9685546159744263, 0.9959067956879437, 3.000013666772702, 0.9729909896850586, 2.998586139058318, 4.002703544245378, 0.9719370603561401, 2.9992732077902815, 3.998264888852475, 0.9675340056419373, 3.9991935905277245, 3.997502271446308, 0.985076904296875, 0.002263410186728265, 0.0020610646975001146, , , , , , , , , , 0.971230149269104, 2.000310024559056, 1.0008896997642012, , , , , , , , , , , , , , , , , , , , , , 0.9744318723678589, 1.9969636773549695, 0.998665664558942, 0.9763159155845642, 0.9987685859871505, -0.0026330826864295886, 0.9772088527679443, -0.0010123958365113594, -0.9987035445663537, 0.9737633466720581, -0.0007007394993365779, -1.9988554638933635, 0.9744988083839417, 0.9986468825856889, -0.9979916797015846, 0.9725254774093628, 0.0001760577250422557, 0.004296217280852943, 0.9504449963569641, 86, 36, 0.9722752571105957, 2.000290504423816, 0.9888476091558118, 114, 32
33, 0.9846081137657166, 184, 0.9756832718849182, 3.9992109046753797, 3.0017016657966025, 0.975633442401886, -3.0004434397913826, -7.00161712876826, 0.9742984175682068, -4.000365748032181, -8.001775012587984, 0.9742007255554199, -4.998454634760023, -7.003162646107739, 0.9718578457832336, -4.002810303773217, -6.9967672272676396, 0.9713559150695801, -3.0023311778956554, -4.9986641164878165, 0.9711933135986328, -1.0012551636361877, -2.999510760408725, 0.9704092741012573, -1.0001763927761544, -4.000664932449581, , , , , , , , , , 0.9727291464805603, 2.9998011200461434, 0.9987452974662503, , , , , , , , , , , , , , , , , , , , , , 0.9752057790756226, 3.996381776517026, 1.0003260424917642, 0.975998044013977, 3.999858277971313, 0.00014150659404776889, 0.9773610830307007, 4.998883779334335, 1.0007325604895811, 0.9764589667320251, 3.002740739688676, 2.0005226784404613, 0.9730538129806519, 3.0001990654952664, 2.001363805986074, 0.9721429944038391, 0.9998251724673111, 2.0012581375477225, 0.9597106575965881, 81.99983353651838, 32.001028118371835, 0.9753503203392029, -1.0006330091820814, -4.001063510951894, 108, 14
34, 0.9845211505889893, 185, 0.9754267334938049, 1.9992119541498, -3.998757290079208, 0.9740762710571289, 0.999581519615802, -10.99878488921297, 0.9735627174377441, -0.9996268545685751, -12.99861664815296, 0.968867301940918, -3.002413008372727, -14.001570367592024, 0.9705039858818054, -4.0032317102332655, -12.997755766356534, 0.9708402156829834, -4.00073818070193, -12.001226811780384, 0.9711869359016418, -3.0011302969480482, -12.002406898274103, 0.972122073173523, -3.001145296544891, -11.000608068059933, , , , , , , , , , 0.9731433987617493, 1.9982066785240988, -3.9998825856356532, , , , , , , , , , , , , , , , , , , , , , 0.9714084267616272, 0.9955671153049508, -3.9999386991173367, 0.9760421514511108, 0.9985599566606425, -4.000043064905682, 0.9745226502418518, 0.9991827731982426, -3.0000079293017166, 0.9754659533500671, 9.934456619475895e-05, 0.0006402869448436377, 0.9754785299301147, 8.475045055433839e-05, 1.0018985084593055, 0.9749781489372253, 0.0017992335323953057, 1.0014385617391213, 0.9573426842689514, 83.00090848948643, 31.99893957495962, 0.9745439887046814, 3.0013633102408335, -5.001213592998283, 94, 2
35, 0.9843283891677856, 186, 0.9737967848777771, -1.9984651569357794, -0.9997636760506161, 0.9736038446426392, 3.001502340171612, -2.000525936589895, 0.9717705845832825, 1.0027569655804172, -3.99960419296832, 0.9705822467803955, 4.438653520821845e-05, -4.001546726883305, 0.9702897667884827, -0.9997083032861127, -0.997892868034512, 0.9709398150444031, -0.002947361261618653, 1.9970497896628103, 0.9697579145431519, -7.999578243689058, -30.997635929397802, 0.9727895259857178, 4.998031189403406, 4.997200507659613, , , , , , , , , , 0.9722958207130432, -1.9996584827274262, -2.9984755308395563, , , , , , , , , , , , , , , , , , , , , , 0.9720438122749329, -3.0015971458711306, -3.001247153110995, 0.975828230381012, -2.9996681159667133, -1.0014350263303413, 0.9757682085037231, -2.999714520762879, -1.0002448980322072, 0.9738153219223022, -2.999417128847867, 2.00188378539508, 0.967585563659668, -2.0020809752168987, 3.001859058822191, 0.9719334840774536, -1.0012906774437056, 2.9997132559892066, 0.9537702798843384, 79.00122484021414, 32.999550537248695, 0.9726080298423767, 2.999366144157989, -2.0039937055439054, 94, -12
36, 0.983924150466919, 187, 0.9722157716751099, -3.0002359952103603, -8.999119943861018, 0.9728772044181824, -0.001217134924132779, 0.0011420740905236926, 0.96983402967453, 0.0025888880233964073, -2.0003453646694425, 0.9702972173690796, 1.001259820681156, -5.0001799194253636, 0.9721629619598389, 0.999643005665547, -4.995520069365057, 0.9611611366271973, 0.0005474844083011021, 15.000442791692365, 0.9675455093383789, 0.000739398658168966, -1.998160834464386, 0.9711912274360657, -1.0011370899743497, -1.9995510629369164, , , , , , , , , , 0.9700246453285217, -3.0005421559239096, -4.998852231458898, , , , , , , , , , , , , , , , , , , , , , 0.9699069261550903, -3.000510615526082, -3.003258610316948, 0.9746426939964294, -2.9999635558051665, -1.9988384534824064, 0.9742887616157532, -3.9999660148111076, 0.001101958922902213, 0.9742407202720642, -1.9994189842676349, 0.0013098422222697081, 0.971447765827179, -0.0008206943414705847, 2.0010890693384056, 0.9696798324584961, -0.0011638201575010498, 3.998864504606985, 0.9478435516357422, -20.001237861043734, 31.999632837238266, 0.9683794379234314, -0.9972861647025724, -0.0016664793184304472, 105, -8
37, 0.9829474091529846, 188, 0.9744521379470825, -5.999765254632578, 0.0015814647712666385, 0.9696762561798096, 1.9985189223131101, 1.9997835144813507, 0.9734256267547607, 1.9998665657792145, 3.001200439546949, 0.9728604555130005, 0.999018105511368, 3.0017269562177944, 0.9624347686767578, -0.9983633877620832, 5.001343380035678, 0.9652196168899536, -1.003038095376482, 7.0010577182931115, 0.96745765209198, 0.00016451658531480007, 9.001348835981617, 0.9683736562728882, -0.00258198361102302, 8.997224911216676, , , , , , , , , , 0.9707819819450378, -5.9996944810450685, -0.9995700298873942, , , , , , , , , , , , , , , , , , , , , , 0.9687727093696594, -5.999752175502493, -1.001814793886922, 0.973230242729187, -4.99860971942519, 0.0009504738806924706, 0.9726468324661255, -3.0015314983345007, 0.0017946944249160879, 0.9745189547538757, -1.0000200765709053, -1.9989865448053479, 0.9731125831604004, 0.0005161475333750332, -0.998989614005211, 0.9655548334121704, 0.9983564475983684, -0.0003266354963216145, 0.9560482501983643, -18.00154829097525, 30.00181443019642, 0.9679746627807617, 2.0001351830749314, -2.0023523575714535, 107, -12
38, 0.9846717119216919, 189, 0.9753586649894714, 3.0010964829661617, -1.997558046708999, 0.9735316634178162, 1.0003433365763783, -2.000390786937089, 0.9734618663787842, 1.0006166144832207, -2.999006880289812, 0.9738280177116394, 0.0005192138923177936, -1.9990027957010739, 0.9727613925933838, -1.0018609000044734, -0.998365077308847, 0.9637210965156555, -2.0053923806831335, 0.0022233999219452016, 0.9702016115188599, -2.002047841178282, 1.001819481039206, 0.9722182154655457, -3.0012180730677613, 0.9993282211862606, , , , , , , , , , 0.9697259664535522, 0.9994229097386267, -1.9981541784049455, , , , , , , , , , , , , , , , , , , , , , 0.9687686562538147, 0.0009538131797199867, -0.003036421348156182, 0.97478187084198, 0.00012245028040069883, 1.0008938389882474, 0.973715603351593, -0.001455361830039692, 1.0014093122047143, 0.9747408032417297, -1.998958894146881, 3.0011058757020237, 0.9726468324661255, -1.0006221311880665, 3.0009101978347985, 0.9728209972381592, -1.0013111206433507, 2.001640860526379, 0.9506598114967346, -3.000624019975831, 32.99928527150655, 0.9708933234214783, 0.9996669044631545, -2.0050962267022214, 101, 1
39, 0.9789834022521973, 223, 0.9688520431518555, 1.997926829083923, 11.00164829333954, 0.9682133197784424, 2.001784614662597, 11.998824039986232, 0.9670968651771545, 1.00165084669473, 14.998756193535996, 0.9678208827972412, 2.9976318291672754, 14.999757524058964, 0.982669472694397, 0.001714302504439047, 0.0011888715276882067, 0.9976080656051636, -0.0003814923040863505, -0.0010533107789001406, 0.9992150664329529, 0.0001905681123304248, 0.0010088684342690613, 0.9997045397758484, -0.00044873858806226963, -0.00039819917469685606, , , , , , , , , , 0.9694238305091858, 0.00013851312141355265, 9.997731891592643, , , , , , , , , , , , , , , , , , , , , , 0.969119131565094, -1.99994610670457, 11.000422863317027, 0.971687376499176, -1.0012452837934376, 12.000997979448982, 0.971407949924469, -90, -12, 0.9735285043716431, 1.9998162225975307, 9.999666836661675, 0.9681960940361023, 1.0017076462638386, 12.00227363354503, 0.9699832201004028, 0.9990826650703752, 12.99930057608887, 0.9568880200386047, 1.0003706853439809, 16.007162660070094, 0.954667329788208, 1.0037834977329538, 15.992983076552662, 95, 128
40, 0.9793837070465088, 276, 0.9730059504508972, 9.000016818082912, 7.001448225048016, 0.9762132167816162, 19.001237238646425, 8.001682467408614, 0.9746420979499817, 17.00058211952617, 5.000530464310543, 0.969983696937561, 14.997072919215341, 2.996855380432976, 0.9735087156295776, 14.000272974723671, 1.9990070731488458, 0.9976080656051636, -0.0003814923040863505, -0.0010533107789001406, 0.9992150664329529, 0.0001905681123304248, 0.0010088684342690613, 0.9997045397758484, -0.00044873858806226963, -0.00039819917469685606, , , , , , , , , , 0.971308171749115, 6.99886270987848, 3.998956597224918, , , , , , , , , , , , , , , , , , , , , , 0.9736722707748413, 6.997523655573929, 3.9988070845785444, 0.9754826426506042, 7.996695123601427, 5.000480570780184, 0.975041389465332, 9.997984102764619, 6.000123970054631, 0.9759766459465027, 10.999269780827987, 8.001824522182773, 0.9756318926811218, 10.999720844621976, 11.002692296069398, 0.9729339480400085, 13.999316827348693, 14.000142487696337, 0.9619152545928955, 16.00264338268694, 16.005106773141733, 0.9687536954879761, 15.000838430511408, -6.001501720056581, 128, 114
41, 0.9809314608573914, 284, 0.9707510471343994, 0.9993391073959117, 0.9997449086662797, 0.9659343957901001, -1.0012072118736057, 19.99981576634599, 0.9670904278755188, 0.9997568362186513, -14.999439370207256, 0.9686894416809082, 10.000562845683902, -17.997812578008848, 0.979834258556366, 0.0009771313408464266, -0.0024397845835437693, 0.9976080656051636, -0.0003814923040863505, -0.0010533107789001406, 0.9992150664329529, 0.0001905681123304248, 0.0010088684342690613, 0.9997045397758484, -0.00044873858806226963, -0.00039819917469685606, , , , , , , , , , 0.9705961346626282, 7.9997484330018125, 23.000243286172577, , , , , , , , , , , , , , , , , , , , , , 0.9702300429344177, -1.0002086476663834, 9.997556345069, 0.9694302082061768, -8.001709094834297, -8.999230350996982, 0.9703689217567444, 64.00039218128711, -12.000110610308894, 0.9703603386878967, 2.000052252244487, 6.001557308776, 0.968470573425293, -24.99920489609272, -1.0012735460483668, 0.9695742130279541, -0.9988364697679657, 12.998147011102219, 0.9627136588096619, 1.0006475135026989, 13.004418819301009, 0.962622880935669, 0.0010028763516629624, -2.0033746806816453, 123, 128
42, 0.9824844598770142, 285, 0.9714663028717041, -0.0014315911435858197, 9.999885195348604, 0.9660137295722961, 5.999727987648825, -32.000956386837686, 0.969018280506134, 2.0020404363161646, 0.0004235921961139866, 0.9673442840576172, 0.9992972570475303, -12.99949649523387, 0.9754995703697205, 0.0013341030449538493, -0.001401822662160157, 0.9976080656051636, -0.0003814923040863505, -0.0010533107789001406, 0.9992150664329529, 0.0001905681123304248, 0.0010088684342690613, 0.9997045397758484, -0.00044873858806226963, -0.00039819917469685606, , , , , , , , , , 0.9694547057151794, 4.000234731441623, 31.001181710218788, , , , , , , , , , , , , , , , , , , , , , 0.9687308669090271, -7.998527610905967, -2.0010746854785424, 0.970082700252533, -4.003429678786446, -0.0009566618459899701, 0.9686326384544373, -8.000254146830258, -23.998754486717047, 0.9697660803794861, -0.9994152906678693, -0.9997906196320514, 0.9694805145263672, -9.999591101538556, -24.998992545698826, 0.9678711295127869, 1.001235367724945, 1.0013595885112636, 0.9643651247024536, 86, 35, 0.966911792755127, 3.0009239614108054, -3.0025698210364453, 114, 122
43, 0.980341374874115, 287, 0.9725728631019592, 0.0004726710563005554, 7.249634901640434e-05, 0.967513382434845, 3.998912280401754, 9.001632534100168, 0.9726403951644897, 3.999384614727518, 8.999542835622947, 0.9713748097419739, 2.9998423463302686, 10.999343562373667, 0.9821929931640625, 0.0006728957311423756, -0.0012111682254953848, 0.9976080656051636, -0.0003814923040863505, -0.0010533107789001406, 0.9992150664329529, 0.0001905681123304248, 0.0010088684342690613, 0.9997045397758484, -0.00044873858806226963, -0.00039819917469685606, , , , , , , , , , 0.9628605246543884, -42, 38, , , , , , , , , , , , , , , , , , , , , , 0.9681529998779297, -1.9989634422302203, -0.0031652527979417755, 0.9685649275779724, -1.0004896768612639, 1.0018525207301678, 0.9712523221969604, -2.8341712308588285e-05, 3.9983691113218356, 0.9718279242515564, 1.0011074503093766, 5.001060212372977, 0.970116913318634, 0.9993394560893307, 5.9990276800478455, 0.969325065612793, 1.0002637050761933, 9.99887246703895, 0.9546589255332947, 2.00106749516911, 9.003804096499948, 0.9637489914894104, -35.9998292188188, 5.991630533711486, 122, 128
