 ,Area,Mean,Min,Max,X,Y,Slice
1,0,148,148,148,212.667,303.333,1
2,0,161,161,161,218.000,334.667,1
3,0,149,149,149,238.667,379.333,1
4,0,147,147,147,228.667,310.000,1
5,0,164,164,164,240.000,320.667,1
6,0,162,162,162,286.000,378.000,1
7,0,133,133,133,308.000,344.000,1
8,0,139,139,139,324.000,351.333,1
9,0,143,143,143,161.333,395.333,1
10,0,149,149,149,184.667,395.333,1
11,0,132,132,132,132.000,387.333,1
12,0,125,125,125,114.667,384.667,1
13,0,142,142,142,96.667,374.000,1
14,0,145,145,145,70.000,368.667,1
15,0,152,152,152,129.333,474.667,1
16,0,156,156,156,140.000,486.000,1
17,0,140,140,140,154.000,492.000,1
18,0,142,142,142,169.333,484.000,1
19,0,135,135,135,172.000,468.667,1
20,0,133,133,133,171.333,452.000,1
21,0,151,151,151,165.333,434.667,1
22,0,149,149,149,158.000,422.667,1
23,0,133,133,133,148.000,408.667,1
24,0,151,151,151,189.333,496.000,1
25,0,157,157,157,199.333,506.000,1
26,0,152,152,152,212.000,450.667,1
27,0,143,143,143,244.000,432.667,1
28,0,166,166,166,298.000,497.333,1
29,0,139,139,139,93.333,340.667,1
30,0,152,152,152,104.000,331.333,1
31,0,144,144,144,114.667,322.000,1
32,0,135,135,135,126.667,310.667,1
33,0,126,126,126,140.667,289.333,1
34,0,136,136,136,159.333,262.000,1
35,0,147,147,147,158.667,244.000,1
36,0,141,141,141,159.333,219.333,1
37,0,165,165,165,210.667,273.333,1
38,0,172,172,172,196.000,213.333,1
39,0,153,153,153,164.667,204.000,1
40,0,134,134,134,126.667,214.000,1
41,0,150,150,150,90.667,222.667,1
42,0,138,138,138,70.667,225.333,1
43,0,152,152,152,167.333,186.000,1
44,0,127,127,127,306.667,170.667,1
45,0,149,149,149,322.667,181.333,1
46,0,146,146,146,344.667,191.333,1
47,0,157,157,157,228.667,160.000,1
48,0,136,136,136,242.667,126.667,1
49,0,138,138,138,249.333,110.667,1
50,0,129,129,129,274.000,94.000,1
51,0,155,155,155,449.333,258.000,1
52,0,147,147,147,436.000,258.000,1
53,0,127,127,127,393.333,270.000,1
54,0,152,152,152,386.000,76.667,1
55,0,148,148,148,389.333,58.667,1
56,0,173,173,173,506.667,345.333,1
57,0,184,184,184,477.333,332.667,1
58,0,154,154,154,462.000,319.333,1
59,0,153,153,153,452.667,292.667,1
60,0,157,157,157,464.000,264.667,1
61,0,156,156,156,470.667,252.000,1
62,0,159,159,159,482.667,244.667,1
63,0,151,151,151,505.333,240.000,1
64,0,140,140,140,516.667,238.000,1
65,0,148,148,148,495.333,128.000,1
66,0,154,154,154,493.333,114.000,1
67,0,140,140,140,488.000,89.333,1
68,0,149,149,149,484.667,62.000,1
69,0,165,165,165,507.333,413.333,1
70,0,164,164,164,482.000,409.333,1
71,0,131,131,131,413.333,412.000,1
72,0,137,137,137,398.667,402.000,1
73,0,141,141,141,373.333,371.333,1
74,0,147,147,147,398.000,507.333,1
75,0,157,157,157,380.000,490.667,1
76,0,168,168,168,368.667,482.667,1
77,0,157,157,157,269.333,363.333,1
78,0,164,164,164,298.667,397.333,1
79,0,155,155,155,308.667,408.000,1
80,0,138,138,138,170.667,171.333,1
81,0,162,162,162,293.333,60.667,2
82,0,149,149,149,286.000,74.000,2
83,0,125,125,125,272.667,86.000,2
84,0,145,145,145,262.667,93.333,2
85,0,145,145,145,257.333,104.667,2
86,0,141,141,141,249.333,112.000,2
87,0,146,146,146,244.000,131.333,2
88,0,162,162,162,233.333,154.000,2
89,0,147,147,147,248.667,162.667,2
90,0,150,150,150,267.333,164.667,2
91,0,147,147,147,295.333,166.667,2
92,0,141,141,141,310.000,170.667,2
93,0,163,163,163,330.000,183.333,2
94,0,149,149,149,204.000,182.667,2
95,0,141,141,141,184.000,192.667,2
96,0,140,140,140,169.333,200.667,2
97,0,132,132,132,158.000,210.000,2
98,0,149,149,149,112.000,216.667,2
99,0,137,137,137,88.667,223.333,2
100,0,144,144,144,63.333,229.333,2
101,0,147,147,147,136.000,207.333,2
102,0,149,149,149,150.667,202.667,2
103,0,138,138,138,157.333,228.667,2
104,0,144,144,144,159.333,254.667,2
105,0,131,131,131,153.333,276.000,2
106,0,151,151,151,146.000,288.667,2
107,0,131,131,131,135.333,304.000,2
108,0,147,147,147,127.333,309.333,2
109,0,137,137,137,120.000,316.667,2
110,0,135,135,135,110.000,324.667,2
111,0,139,139,139,101.333,333.333,2
112,0,139,139,139,92.000,344.000,2
113,0,149,149,149,72.000,369.333,2
114,0,158,158,158,62.667,368.667,2
115,0,138,138,138,52.667,368.000,2
116,0,138,138,138,100.667,380.667,2
117,0,132,132,132,125.333,385.333,2
118,0,136,136,136,136.667,393.333,2
119,0,145,145,145,152.000,412.667,2
120,0,140,140,140,158.667,431.333,2
121,0,124,124,124,166.667,448.667,2
122,0,139,139,139,180.667,456.667,2
123,0,145,145,145,174.667,467.333,2
124,0,151,151,151,174.000,482.000,2
125,0,141,141,141,156.000,492.667,2
126,0,139,139,139,140.667,488.667,2
127,0,143,143,143,130.000,478.667,2
128,0,162,162,162,194.667,498.667,2
129,0,143,143,143,212.000,513.333,2
130,0,151,151,151,207.333,450.000,2
131,0,147,147,147,224.000,446.000,2
132,0,169,169,169,246.000,432.000,2
133,0,174,174,174,269.333,433.333,2
134,0,144,144,144,421.333,414.000,2
135,0,133,133,133,445.333,409.333,2
136,0,161,161,161,481.333,410.000,2
137,0,169,169,169,506.000,414.000,2
138,0,149,149,149,408.000,409.333,2
139,0,146,146,146,396.667,398.000,2
140,0,147,147,147,388.000,389.333,2
141,0,148,148,148,385.333,375.333,2
142,0,150,150,150,393.333,350.667,2
143,0,148,148,148,391.333,338.000,2
144,0,150,150,150,391.333,313.333,2
145,0,129,129,129,325.333,351.333,2
146,0,154,154,154,312.000,338.000,2
147,0,146,146,146,336.667,319.333,2
148,0,136,136,136,367.333,299.333,2
149,0,139,139,139,386.000,286.667,2
150,0,140,140,140,398.000,271.333,2
151,0,162,162,162,468.000,328.000,2
152,0,166,166,166,460.667,316.667,2
153,0,165,165,165,456.000,305.333,2
154,0,161,161,161,452.667,290.667,2
155,0,159,159,159,456.000,262.667,2
156,0,158,158,158,471.333,246.667,2
157,0,161,161,161,491.333,244.667,2
158,0,150,150,150,504.667,240.000,2
159,0,145,145,145,516.000,238.667,2
160,0,138,138,138,402.000,230.000,2
161,0,135,135,135,402.000,202.000,2
162,0,128,128,128,374.667,194.667,2
163,0,138,138,138,352.000,192.667,2
164,0,157,157,157,202.000,251.333,2
165,0,151,151,151,211.333,296.000,2
166,0,158,158,158,220.000,322.667,2
167,0,158,158,158,224.000,336.000,2
168,0,154,154,154,230.000,352.667,2
169,0,161,161,161,236.667,368.000,2
170,0,146,146,146,242.000,380.000,2
171,0,175,175,175,264.667,403.333,2
172,0,174,174,174,276.000,410.000,2
173,0,175,175,175,294.667,412.000,2
174,0,151,151,151,235.333,318.000,2
175,0,148,148,148,248.667,332.667,2
176,0,144,144,144,262.000,352.667,2
177,0,140,140,140,319.333,406.000,2
178,0,150,150,150,298.667,398.667,2
179,0,139,139,139,280.667,385.333,2
180,0,147,147,147,395.333,503.333,2
181,0,164,164,164,372.000,485.333,2
182,0,160,160,160,410.667,518.000,2
183,0,156,156,156,388.000,60.667,2
184,0,152,152,152,338.000,386.667,2
185,0,148,148,148,504.667,238.667,7
186,0,147,147,147,488.667,247.333,7
187,0,157,157,157,470.000,252.000,7
188,0,153,153,153,458.000,267.333,7
189,0,158,158,158,452.667,280.000,7
190,0,170,170,170,452.000,296.000,7
191,0,158,158,158,457.333,308.000,7
192,0,162,162,162,462.000,315.333,7
193,0,175,175,175,474.000,328.667,7
194,0,176,176,176,482.000,334.667,7
195,0,170,170,170,500.000,345.333,7
196,0,157,157,157,517.333,394.000,7
197,0,175,175,175,482.667,410.667,7
198,0,155,155,155,455.333,411.333,7
199,0,134,134,134,430.667,411.333,7
200,0,110,110,110,412.667,411.333,7
201,0,130,130,130,402.667,399.333,7
202,0,145,145,145,394.000,380.000,7
203,0,155,155,155,415.333,356.000,7
204,0,138,138,138,420.000,344.000,7
205,0,159,159,159,426.667,328.667,7
206,0,151,151,151,430.667,316.000,7
207,0,153,153,153,435.333,300.000,7
208,0,148,148,148,387.333,363.333,7
209,0,149,149,149,360.000,366.667,7
210,0,152,152,152,339.333,384.667,7
211,0,150,150,150,312.667,407.333,7
212,0,148,148,148,296.000,397.333,7
213,0,154,154,154,285.333,386.667,7
214,0,156,156,156,275.333,373.333,7
215,0,145,145,145,264.667,350.667,7
216,0,164,164,164,254.667,334.667,7
217,0,153,153,153,243.333,326.000,7
218,0,154,154,154,222.000,302.667,7
219,0,157,157,157,212.000,286.000,7
220,0,144,144,144,203.333,261.333,7
221,0,141,141,141,197.333,240.667,7
222,0,151,151,151,209.333,310.667,7
223,0,159,159,159,219.333,325.333,7
224,0,151,151,151,220.667,345.333,7
225,0,162,162,162,228.667,356.667,7
226,0,157,157,157,233.333,377.333,7
227,0,158,158,158,244.667,383.333,7
228,0,177,177,177,255.333,400.000,7
229,0,166,166,166,266.667,407.333,7
230,0,167,167,167,298.000,457.333,7
231,0,163,163,163,278.000,444.667,7
232,0,152,152,152,243.333,430.000,7
233,0,144,144,144,232.000,440.000,7
234,0,147,147,147,218.000,448.000,7
235,0,150,150,150,202.000,460.667,7
236,0,164,164,164,208.667,510.000,7
237,0,157,157,157,189.333,494.000,7
238,0,144,144,144,178.000,470.667,7
239,0,134,134,134,167.333,445.333,7
240,0,158,158,158,164.000,427.333,7
241,0,144,144,144,151.333,410.667,7
242,0,139,139,139,170.667,486.000,7
243,0,144,144,144,152.000,491.333,7
244,0,142,142,142,136.667,484.667,7
245,0,152,152,152,129.333,471.333,7
246,0,147,147,147,148.000,452.000,7
247,0,163,163,163,64.667,423.333,7
248,0,151,151,151,82.000,408.667,7
249,0,138,138,138,108.000,392.000,7
250,0,144,144,144,122.667,380.667,7
251,0,136,136,136,140.667,395.333,7
252,0,149,149,149,88.667,374.000,7
253,0,156,156,156,68.000,368.000,7
254,0,142,142,142,82.000,351.333,7
255,0,148,148,148,91.333,340.667,7
256,0,134,134,134,105.333,331.333,7
257,0,120,120,120,128.667,309.333,7
258,0,136,136,136,142.667,292.000,7
259,0,149,149,149,160.667,263.333,7
260,0,148,148,148,158.667,242.667,7
261,0,151,151,151,160.000,232.667,7
262,0,155,155,155,203.333,336.667,7
263,0,159,159,159,395.333,346.667,7
264,0,150,150,150,398.000,304.667,7
265,0,137,137,137,320.000,351.333,7
266,0,154,154,154,384.667,495.333,7
267,0,161,161,161,367.333,484.000,7
268,0,154,154,154,322.667,484.667,7
269,0,154,154,154,307.333,472.000,7
270,0,139,139,139,118.667,216.000,7
271,0,160,160,160,132.667,210.667,7
272,0,148,148,148,154.667,208.000,7
273,0,151,151,151,171.333,216.000,7
274,0,157,157,157,191.333,212.000,7
275,0,143,143,143,190.667,194.667,7
276,0,137,137,137,189.333,161.333,7
277,0,146,146,146,224.000,148.000,7
278,0,144,144,144,297.333,177.333,7
279,0,151,151,151,319.333,185.333,7
280,0,149,149,149,332.000,178.000,7
281,0,148,148,148,352.000,190.000,7
282,0,127,127,127,360.000,170.667,7
283,0,136,136,136,369.333,156.667,7
284,0,144,144,144,274.000,164.000,7
285,0,151,151,151,248.000,127.333,7
286,0,137,137,137,266.000,96.667,7
287,0,140,140,140,293.333,96.000,7
288,0,143,143,143,344.000,113.333,7
289,0,130,130,130,374.667,104.667,7
290,0,153,153,153,387.333,72.667,7
291,0,158,158,158,224.000,518.667,8
292,0,171,171,171,206.667,508.000,8
293,0,157,157,157,192.000,497.333,8
294,0,154,154,154,175.333,479.333,8
295,0,132,132,132,174.667,461.333,8
296,0,133,133,133,166.667,440.667,8
297,0,145,145,145,160.000,428.667,8
298,0,143,143,143,154.667,418.667,8
299,0,137,137,137,146.667,492.000,8
300,0,132,132,132,132.000,480.667,8
301,0,130,130,130,136.667,452.667,8
302,0,145,145,145,148.667,453.333,8
303,0,156,156,156,68.000,369.333,8
304,0,155,155,155,80.667,370.667,8
305,0,150,150,150,98.000,376.667,8
306,0,132,132,132,116.000,381.333,8
307,0,131,131,131,149.333,392.000,8
308,0,147,147,147,166.000,392.000,8
309,0,153,153,153,218.000,450.000,8
310,0,150,150,150,236.000,440.667,8
311,0,149,149,149,241.333,432.000,8
312,0,161,161,161,302.000,465.333,8
313,0,168,168,168,318.667,481.333,8
314,0,159,159,159,370.000,485.333,8
315,0,161,161,161,383.333,490.667,8
316,0,173,173,173,398.000,502.667,8
317,0,162,162,162,512.000,414.667,8
318,0,167,167,167,494.000,413.333,8
319,0,142,142,142,476.667,412.667,8
320,0,140,140,140,452.000,413.333,8
321,0,134,134,134,438.000,411.333,8
322,0,158,158,158,415.333,413.333,8
323,0,149,149,149,398.000,399.333,8
324,0,150,150,150,361.333,397.333,8
325,0,139,139,139,338.000,399.333,8
326,0,155,155,155,307.333,402.667,8
327,0,160,160,160,278.000,410.667,8
328,0,168,168,168,259.333,399.333,8
329,0,168,168,168,244.000,383.333,8
330,0,141,141,141,241.333,362.667,8
331,0,136,136,136,208.000,343.333,8
332,0,138,138,138,214.000,328.667,8
333,0,141,141,141,192.667,322.000,8
334,0,147,147,147,210.000,310.000,8
335,0,151,151,151,218.667,294.667,8
336,0,157,157,157,229.333,308.000,8
337,0,155,155,155,245.333,326.000,8
338,0,161,161,161,258.000,342.667,8
339,0,159,159,159,270.667,364.000,8
340,0,149,149,149,316.667,330.667,8
341,0,147,147,147,325.333,352.000,8
342,0,140,140,140,356.667,310.000,8
343,0,140,140,140,364.000,300.000,8
344,0,159,159,159,211.333,271.333,8
345,0,150,150,150,160.667,266.000,8
346,0,149,149,149,160.667,253.333,8
347,0,150,150,150,158.000,237.333,8
348,0,137,137,137,158.000,217.333,8
349,0,149,149,149,109.333,251.333,8
350,0,126,126,126,144.667,289.333,8
351,0,142,142,142,137.333,302.667,8
352,0,142,142,142,133.333,306.000,8
353,0,141,141,141,122.667,315.333,8
354,0,146,146,146,114.667,323.333,8
355,0,143,143,143,102.667,332.000,8
356,0,137,137,137,92.667,339.333,8
357,0,161,161,161,186.667,214.000,8
358,0,149,149,149,172.000,204.667,8
359,0,154,154,154,168.667,189.333,8
360,0,161,161,161,169.333,181.333,8
361,0,140,140,140,190.000,162.667,8
362,0,157,157,157,184.667,193.333,8
363,0,149,149,149,198.667,187.333,8
364,0,148,148,148,232.667,156.667,8
365,0,144,144,144,235.333,136.667,8
366,0,148,148,148,252.000,112.000,8
367,0,130,130,130,257.333,102.000,8
368,0,151,151,151,267.333,92.000,8
369,0,161,161,161,289.333,67.333,8
370,0,141,141,141,310.000,38.000,8
371,0,139,139,139,312.667,18.000,8
372,0,138,138,138,393.333,45.333,8
373,0,151,151,151,384.000,72.000,8
374,0,141,141,141,264.667,165.333,8
375,0,136,136,136,282.000,167.333,8
376,0,145,145,145,298.000,166.000,8
377,0,150,150,150,318.000,172.000,8
378,0,152,152,152,324.667,178.667,8
379,0,151,151,151,345.333,189.333,8
380,0,139,139,139,389.333,190.667,8
381,0,136,136,136,408.667,189.333,8
382,0,137,137,137,422.000,190.000,8
383,0,152,152,152,447.333,200.000,8
384,0,152,152,152,456.000,222.667,8
385,0,170,170,170,459.333,264.667,8
386,0,150,150,150,452.667,292.667,8
387,0,168,168,168,457.333,305.333,8
388,0,172,172,172,464.000,314.667,8
389,0,165,165,165,467.333,326.000,8
390,0,173,173,173,476.667,331.333,8
391,0,138,138,138,379.333,282.000,8
392,0,148,148,148,389.333,266.667,8
393,0,144,144,144,387.333,254.000,8
394,0,139,139,139,390.667,243.333,8
395,0,148,148,148,388.000,230.000,8
396,0,155,155,155,352.000,378.667,8
397,0,147,147,147,384.000,360.000,8
398,0,157,157,157,382.000,379.333,8
399,0,143,143,143,387.333,330.000,8
400,0,152,152,152,395.333,304.000,8
401,0,153,153,153,417.333,358.667,8
402,0,143,143,143,427.333,332.000,8
403,0,145,145,145,432.000,314.000,8
404,0,136,136,136,117.333,170.667,8
405,0,137,137,137,146.000,166.667,8
406,0,148,148,148,81.333,179.333,8
407,0,162,162,162,202.667,508.000,9
408,0,151,151,151,188.000,491.333,9
409,0,132,132,132,173.333,469.333,9
410,0,140,140,140,152.667,488.667,9
411,0,145,145,145,134.000,480.000,9
412,0,143,143,143,146.000,453.333,9
413,0,130,130,130,197.333,459.333,9
414,0,151,151,151,215.333,448.667,9
415,0,148,148,148,240.000,444.000,9
416,0,133,133,133,171.333,446.000,9
417,0,138,138,138,162.667,432.000,9
418,0,136,136,136,151.333,413.333,9
419,0,149,149,149,144.667,398.000,9
420,0,139,139,139,156.000,393.333,9
421,0,157,157,157,168.667,394.667,9
422,0,141,141,141,184.000,396.000,9
423,0,145,145,145,199.333,397.333,9
424,0,160,160,160,248.000,430.667,9
425,0,169,169,169,260.000,405.333,9
426,0,141,141,141,243.333,386.000,9
427,0,167,167,167,234.000,366.000,9
428,0,152,152,152,221.333,351.333,9
429,0,153,153,153,210.000,339.333,9
430,0,154,154,154,215.333,325.333,9
431,0,135,135,135,207.333,269.333,9
432,0,153,153,153,202.000,252.000,9
433,0,145,145,145,190.000,270.000,9
434,0,130,130,130,152.000,291.333,9
435,0,135,135,135,140.000,300.000,9
436,0,140,140,140,125.333,310.667,9
437,0,140,140,140,112.000,328.000,9
438,0,138,138,138,97.333,338.000,9
439,0,135,135,135,136.667,386.667,9
440,0,134,134,134,116.667,382.000,9
441,0,131,131,131,95.333,378.000,9
442,0,136,136,136,78.667,373.333,9
443,0,160,160,160,60.000,365.333,9
444,0,154,154,154,48.000,365.333,9
445,0,160,160,160,279.333,374.667,9
446,0,149,149,149,250.667,334.000,9
447,0,164,164,164,239.333,322.667,9
448,0,158,158,158,228.667,309.333,9
449,0,153,153,153,220.667,297.333,9
450,0,164,164,164,287.333,413.333,9
451,0,164,164,164,304.667,416.667,9
452,0,150,150,150,314.667,406.667,9
453,0,157,157,157,324.000,396.000,9
454,0,159,159,159,313.333,344.000,9
455,0,149,149,149,326.667,350.667,9
456,0,142,142,142,338.667,352.000,9
457,0,137,137,137,356.667,365.333,9
458,0,142,142,142,374.667,364.667,9
459,0,147,147,147,400.667,363.333,9
460,0,155,155,155,384.000,392.000,9
461,0,135,135,135,398.667,403.333,9
462,0,134,134,134,413.333,412.000,9
463,0,137,137,137,430.000,411.333,9
464,0,148,148,148,465.333,409.333,9
465,0,146,146,146,449.333,408.667,9
466,0,154,154,154,508.000,414.000,9
467,0,169,169,169,498.667,378.667,9
468,0,181,181,181,498.667,360.667,9
469,0,192,192,192,478.667,333.333,9
470,0,156,156,156,470.667,329.333,9
471,0,161,161,161,464.000,320.667,9
472,0,147,147,147,450.667,298.667,9
473,0,162,162,162,436.667,303.333,9
474,0,146,146,146,428.000,318.667,9
475,0,160,160,160,451.333,282.667,9
476,0,162,162,162,458.000,270.000,9
477,0,148,148,148,470.667,258.000,9
478,0,152,152,152,200.667,227.333,9
479,0,154,154,154,196.667,191.333,9
480,0,142,142,142,196.667,166.000,9
481,0,122,122,122,232.667,160.000,9
482,0,134,134,134,256.000,168.000,9
483,0,154,154,154,298.667,166.000,9
484,0,128,128,128,307.333,171.333,9
485,0,143,143,143,321.333,181.333,9
486,0,164,164,164,331.333,184.000,9
487,0,136,136,136,353.333,192.667,9
488,0,136,136,136,364.667,198.000,9
489,0,135,135,135,380.667,196.000,9
490,0,148,148,148,393.333,188.667,9
491,0,151,151,151,433.333,195.333,9
492,0,147,147,147,460.000,223.333,9
493,0,129,129,129,390.000,260.000,9
494,0,135,135,135,391.333,234.000,9
495,0,145,145,145,392.000,212.667,9
496,0,139,139,139,333.333,323.333,9
497,0,133,133,133,368.000,299.333,9
498,0,138,138,138,408.000,264.667,9
499,0,145,145,145,422.667,246.667,9
500,0,132,132,132,402.667,168.667,9
501,0,141,141,141,396.000,144.667,9
502,0,157,157,157,384.000,70.667,9
503,0,143,143,143,390.000,44.000,9
504,0,148,148,148,388.000,22.000,9
505,0,139,139,139,314.667,44.667,9
506,0,137,137,137,297.333,53.333,9
507,0,149,149,149,287.333,66.667,9
508,0,151,151,151,271.333,79.333,9
509,0,130,130,130,265.333,89.333,9
510,0,145,145,145,246.667,124.000,9
511,0,125,125,125,141.333,33.333,9
512,0,127,127,127,126.000,16.000,9
513,0,135,135,135,155.333,51.333,9
514,0,144,144,144,158.000,267.333,9
515,0,145,145,145,161.333,243.333,9
516,0,146,146,146,159.333,231.333,9
517,0,149,149,149,168.000,204.667,9
518,0,137,137,137,152.000,204.667,9
519,0,145,145,145,126.667,212.667,9
520,0,155,155,155,106.000,217.333,9
521,0,164,164,164,69.333,228.000,9
522,0,138,138,138,508.000,142.667,9
523,0,141,141,141,497.333,118.000,9
524,0,146,146,146,486.667,88.000,9
525,0,149,149,149,482.667,47.333,9
526,0,156,156,156,174.000,184.667,9
527,0,129,129,129,159.333,164.000,9
528,0,132,132,132,137.333,164.000,9
529,0,129,129,129,124.000,165.333,9
530,0,147,147,147,391.333,342.000,9
531,0,140,140,140,393.333,317.333,9
532,0,145,145,145,400.000,297.333,9
533,0,132,132,132,314.000,16.667,24
534,0,129,129,129,310.667,33.333,24
535,0,142,142,142,302.000,55.333,24
536,0,148,148,148,286.667,70.667,24
537,0,141,141,141,270.000,87.333,24
538,0,138,138,138,259.333,102.667,24
539,0,136,136,136,146.667,35.333,24
540,0,116,116,116,126.667,16.000,24
541,0,162,162,162,233.333,152.000,24
542,0,152,152,152,216.667,178.000,24
543,0,149,149,149,203.333,190.000,24
544,0,138,138,138,182.667,196.667,24
545,0,156,156,156,170.000,200.000,24
546,0,148,148,148,160.667,216.000,24
547,0,149,149,149,158.000,232.667,24
548,0,156,156,156,161.333,245.333,24
549,0,150,150,150,161.333,253.333,24
550,0,142,142,142,160.000,266.667,24
551,0,134,134,134,149.333,294.000,24
552,0,140,140,140,138.000,305.333,24
553,0,137,137,137,123.333,315.333,24
554,0,143,143,143,114.667,324.667,24
555,0,153,153,153,106.000,335.333,24
556,0,143,143,143,92.000,344.667,24
557,0,145,145,145,43.333,364.667,24
558,0,147,147,147,74.000,370.667,24
559,0,133,133,133,87.333,374.667,24
560,0,136,136,136,94.667,376.667,24
561,0,137,137,137,116.667,382.000,24
562,0,146,146,146,135.333,384.000,24
563,0,156,156,156,148.667,399.333,24
564,0,154,154,154,153.333,413.333,24
565,0,155,155,155,160.667,429.333,24
566,0,153,153,153,167.333,438.000,24
567,0,162,162,162,174.000,478.667,24
568,0,166,166,166,190.000,495.333,24
569,0,166,166,166,209.333,510.000,24
570,0,153,153,153,134.667,480.667,24
571,0,147,147,147,125.333,474.000,24
572,0,151,151,151,135.333,462.667,24
573,0,156,156,156,219.333,452.000,24
574,0,141,141,141,242.667,430.667,24
575,0,154,154,154,232.667,410.667,24
576,0,144,144,144,217.333,396.667,24
577,0,153,153,153,202.000,394.000,24
578,0,150,150,150,184.000,392.667,24
579,0,146,146,146,162.667,392.000,24
580,0,176,176,176,258.667,396.000,24
581,0,171,171,171,232.667,360.000,24
582,0,137,137,137,213.333,322.667,24
583,0,135,135,135,192.667,324.667,24
584,0,147,147,147,182.000,310.000,24
585,0,150,150,150,257.333,342.000,24
586,0,162,162,162,242.667,322.000,24
587,0,159,159,159,234.667,314.000,24
588,0,155,155,155,220.000,299.333,24
589,0,164,164,164,212.667,280.667,24
590,0,150,150,150,202.667,253.333,24
591,0,148,148,148,184.000,252.667,24
592,0,162,162,162,201.333,241.333,24
593,0,151,151,151,209.333,226.667,24
594,0,142,142,142,220.000,210.667,24
595,0,143,143,143,256.000,165.333,24
596,0,143,143,143,278.667,166.000,24
597,0,143,143,143,296.667,164.000,24
598,0,147,147,147,314.000,176.000,24
599,0,154,154,154,328.667,180.000,24
600,0,139,139,139,346.667,188.000,24
601,0,135,135,135,374.000,194.000,24
602,0,135,135,135,410.000,185.333,24
603,0,146,146,146,436.667,203.333,24
604,0,149,149,149,450.667,220.667,24
605,0,153,153,153,463.333,234.667,24
606,0,149,149,149,513.333,238.000,24
607,0,156,156,156,499.333,240.000,24
608,0,158,158,158,470.667,252.667,24
609,0,167,167,167,461.333,264.000,24
610,0,160,160,160,452.667,279.333,24
611,0,155,155,155,446.667,288.000,24
612,0,153,153,153,452.000,301.333,24
613,0,163,163,163,464.667,320.667,24
614,0,179,179,179,474.667,332.000,24
615,0,135,135,135,494.667,336.000,24
616,0,173,173,173,494.000,412.667,24
617,0,154,154,154,469.333,409.333,24
618,0,136,136,136,436.667,412.000,24
619,0,131,131,131,426.000,411.333,24
620,0,156,156,156,415.333,412.000,24
621,0,160,160,160,428.000,323.333,24
622,0,152,152,152,391.333,350.000,24
623,0,141,141,141,362.667,367.333,24
624,0,173,173,173,351.333,376.000,24
625,0,153,153,153,342.667,384.667,24
626,0,155,155,155,316.000,335.333,24
627,0,137,137,137,338.000,316.000,24
628,0,132,132,132,366.667,295.333,24
629,0,151,151,151,406.000,272.667,24
630,0,147,147,147,441.333,257.333,24
631,0,153,153,153,390.000,18.000,24
632,0,141,141,141,387.333,35.333,24
633,0,153,153,153,386.667,54.000,24
634,0,162,162,162,383.333,74.000,24
635,0,142,142,142,428.667,143.333,24
636,0,154,154,154,491.333,112.000,24
637,0,151,151,151,480.000,89.333,24
638,0,153,153,153,484.667,63.333,24
639,0,158,158,158,496.000,51.333,24
640,0,154,154,154,495.333,21.333,24
641,0,162,162,162,381.333,492.667,24
642,0,161,161,161,366.000,482.000,24
643,0,156,156,156,314.667,484.667,24
644,0,156,156,156,296.000,460.000,24
645,0,162,162,162,295.333,418.667,24
646,0,161,161,161,312.000,399.333,24
647,0,149,149,149,196.000,157.333,24
648,0,141,141,141,176.000,181.333,24
649,0,152,152,152,156.667,194.667,24
650,0,150,150,150,126.667,221.333,24
651,0,166,166,166,118.000,241.333,24
652,0,136,136,136,104.667,257.333,24
653,0,156,156,156,104.000,223.333,24
654,0,146,146,146,64.000,232.667,24
655,0,146,146,146,52.000,230.667,24
656,0,145,145,145,45.333,223.333,24
657,0,129,129,129,66.667,168.000,83
658,0,141,141,141,88.000,178.000,83
659,0,120,120,120,112.000,168.667,83
660,0,154,154,154,168.000,158.000,83
661,0,137,137,137,204.000,142.667,83
662,0,137,137,137,234.667,133.333,83
663,0,144,144,144,251.333,158.000,83
664,0,142,142,142,269.333,162.667,83
665,0,126,126,126,319.333,180.667,83
666,0,132,132,132,327.333,146.000,83
667,0,124,124,124,308.000,132.000,83
668,0,127,127,127,270.667,113.333,83
669,0,138,138,138,362.000,157.333,83
670,0,131,131,131,504.667,243.333,83
671,0,133,133,133,491.333,242.667,83
672,0,138,138,138,474.667,246.667,83
673,0,144,144,144,460.667,236.000,83
674,0,142,142,142,427.333,248.000,83
675,0,138,138,138,395.333,256.667,83
676,0,141,141,141,395.333,219.333,83
677,0,136,136,136,396.667,200.667,83
678,0,135,135,135,394.000,183.333,83
679,0,144,144,144,389.333,172.000,83
680,0,147,147,147,378.000,162.000,83
681,0,128,128,128,366.000,146.000,83
682,0,134,134,134,354.667,138.667,83
683,0,133,133,133,349.333,128.667,83
684,0,143,143,143,331.333,122.000,83
685,0,141,141,141,228.000,202.667,83
686,0,143,143,143,184.000,214.000,83
687,0,139,139,139,145.333,214.667,83
688,0,145,145,145,118.667,236.000,83
689,0,138,138,138,106.667,252.667,83
690,0,118,118,118,94.667,265.333,83
691,0,124,124,124,81.333,275.333,83
692,0,118,118,118,70.000,288.667,83
693,0,126,126,126,64.000,311.333,83
694,0,133,133,133,61.333,321.333,83
695,0,134,134,134,71.333,335.333,83
696,0,123,123,123,90.000,341.333,83
697,0,137,137,137,106.667,332.667,83
698,0,116,116,116,122.000,318.667,83
699,0,127,127,127,154.667,318.667,83
700,0,139,139,139,167.333,302.000,83
701,0,131,131,131,148.667,292.667,83
702,0,120,120,120,115.333,277.333,83
703,0,136,136,136,48.000,229.333,83
704,0,132,132,132,34.667,219.333,83
705,0,137,137,137,33.333,166.000,83
706,0,144,144,144,198.667,321.333,83
707,0,159,159,159,231.333,349.333,83
708,0,149,149,149,226.667,318.000,83
709,0,152,152,152,218.667,298.667,83
710,0,159,159,159,240.667,325.333,83
711,0,149,149,149,253.333,340.667,83
712,0,150,150,150,250.667,361.333,83
713,0,141,141,141,268.000,366.000,83
714,0,160,160,160,284.000,380.667,83
715,0,140,140,140,296.667,399.333,83
716,0,140,140,140,316.000,406.000,83
717,0,139,139,139,336.667,407.333,83
718,0,131,131,131,360.000,401.333,83
719,0,147,147,147,394.667,399.333,83
720,0,142,142,142,407.333,409.333,83
721,0,136,136,136,424.667,412.000,83
722,0,131,131,131,442.667,412.667,83
723,0,135,135,135,453.333,412.667,83
724,0,143,143,143,468.000,410.667,83
725,0,145,145,145,494.000,410.000,83
726,0,156,156,156,514.667,412.667,83
727,0,155,155,155,364.000,506.667,83
728,0,151,151,151,356.000,502.000,83
729,0,156,156,156,345.333,496.667,83
730,0,143,143,143,332.667,493.333,83
731,0,150,150,150,316.000,483.333,83
732,0,146,146,146,297.333,463.333,83
733,0,156,156,156,292.667,454.667,83
734,0,144,144,144,276.667,450.667,83
735,0,132,132,132,258.000,436.000,83
736,0,134,134,134,242.000,432.000,83
737,0,152,152,152,266.000,516.667,83
738,0,139,139,139,257.333,506.667,83
739,0,141,141,141,245.333,498.667,83
740,0,137,137,137,228.000,485.333,83
741,0,136,136,136,216.667,481.333,83
742,0,141,141,141,198.667,472.667,83
743,0,142,142,142,176.000,462.667,83
744,0,152,152,152,154.000,457.333,83
745,0,145,145,145,137.333,455.333,83
746,0,150,150,150,131.333,464.000,83
747,0,136,136,136,130.000,477.333,83
748,0,136,136,136,140.667,489.333,83
749,0,148,148,148,190.000,496.000,83
750,0,143,143,143,202.667,514.667,83
751,0,148,148,148,170.000,442.667,83
752,0,136,136,136,159.333,422.000,83
753,0,136,136,136,152.000,408.000,83
754,0,136,136,136,78.000,512.667,83
755,0,139,139,139,70.000,499.333,83
756,0,142,142,142,56.000,480.667,83
757,0,141,141,141,38.667,466.000,83
758,0,125,125,125,357.333,381.333,83
759,0,130,130,130,378.667,366.000,83
760,0,136,136,136,398.000,358.000,83
761,0,152,152,152,417.333,351.333,83
762,0,138,138,138,425.333,328.667,83
763,0,141,141,141,428.667,314.000,83
764,0,147,147,147,414.000,307.333,83
765,0,144,144,144,394.000,290.000,83
766,0,127,127,127,345.333,355.333,83
767,0,135,135,135,331.333,346.000,83
768,0,135,135,135,323.333,342.000,83
769,0,148,148,148,291.333,344.000,83
770,0,135,135,135,209.333,272.667,83
771,0,151,151,151,200.667,246.000,83
772,0,146,146,146,202.667,216.667,83
773,0,137,137,137,222.667,117.333,83
774,0,130,130,130,222.000,98.667,83
775,0,130,130,130,221.333,87.333,83
776,0,137,137,137,218.667,69.333,83
777,0,134,134,134,218.000,58.000,83
778,0,130,130,130,214.000,37.333,83
779,0,146,146,146,247.333,260.000,83
780,0,144,144,144,273.333,284.667,83
781,0,132,132,132,40.667,165.333,91
782,0,154,154,154,53.333,168.000,91
783,0,131,131,131,67.333,170.667,91
784,0,148,148,148,82.667,176.667,91
785,0,122,122,122,106.000,172.000,91
786,0,135,135,135,76.000,142.000,91
787,0,131,131,131,73.333,126.000,91
788,0,134,134,134,67.333,117.333,91
789,0,132,132,132,58.667,110.000,91
790,0,144,144,144,45.333,104.000,91
791,0,122,122,122,124.667,164.000,91
792,0,130,130,130,148.667,158.000,91
793,0,141,141,141,180.000,159.333,91
794,0,138,138,138,210.000,140.000,91
795,0,135,135,135,232.667,130.667,91
796,0,144,144,144,248.000,122.000,91
797,0,140,140,140,260.000,116.000,91
798,0,132,132,132,267.333,108.000,91
799,0,107,107,107,270.667,94.000,91
800,0,152,152,152,282.667,76.667,91
801,0,143,143,143,298.667,57.333,91
802,0,140,140,140,312.000,37.333,91
803,0,128,128,128,272.667,150.000,91
804,0,141,141,141,300.000,168.000,91
805,0,126,126,126,312.667,173.333,91
806,0,150,150,150,326.000,182.667,91
807,0,139,139,139,338.000,190.000,91
808,0,140,140,140,354.000,199.333,91
809,0,129,129,129,351.333,171.333,91
810,0,132,132,132,362.667,145.333,91
811,0,132,132,132,397.333,198.000,91
812,0,135,135,135,402.000,226.000,91
813,0,140,140,140,399.333,246.667,91
814,0,133,133,133,399.333,272.000,91
815,0,144,144,144,405.333,290.667,91
816,0,144,144,144,390.000,300.667,91
817,0,146,146,146,384.667,287.333,91
818,0,134,134,134,388.000,272.667,91
819,0,137,137,137,366.667,277.333,91
820,0,146,146,146,344.667,276.667,91
821,0,143,143,143,322.000,276.000,91
822,0,160,160,160,280.000,273.333,91
823,0,160,160,160,248.667,278.667,91
824,0,148,148,148,213.333,289.333,91
825,0,142,142,142,205.333,267.333,91
826,0,148,148,148,196.667,242.667,91
827,0,163,163,163,192.667,222.000,91
828,0,140,140,140,185.333,194.000,91
829,0,136,136,136,186.000,212.000,91
830,0,150,150,150,174.000,202.000,91
831,0,141,141,141,147.333,203.333,91
832,0,144,144,144,158.000,222.667,91
833,0,139,139,139,158.000,237.333,91
834,0,121,121,121,158.667,256.667,91
835,0,138,138,138,144.667,289.333,91
836,0,133,133,133,157.333,297.333,91
837,0,151,151,151,189.333,318.000,91
838,0,145,145,145,205.333,338.667,91
839,0,148,148,148,222.000,346.667,91
840,0,147,147,147,223.333,332.000,91
841,0,122,122,122,132.000,306.667,91
842,0,132,132,132,123.333,314.000,91
843,0,123,123,123,112.667,323.333,91
844,0,147,147,147,97.333,337.333,91
845,0,135,135,135,74.000,343.333,91
846,0,145,145,145,48.000,369.333,91
847,0,140,140,140,73.333,369.333,91
848,0,131,131,131,109.333,378.667,91
849,0,128,128,128,125.333,389.333,91
850,0,153,153,153,142.000,396.000,91
851,0,140,140,140,165.333,395.333,91
852,0,133,133,133,183.333,396.667,91
853,0,133,133,133,200.667,396.000,91
854,0,147,147,147,220.667,396.667,91
855,0,153,153,153,237.333,383.333,91
856,0,159,159,159,229.333,368.000,91
857,0,147,147,147,256.667,399.333,91
858,0,153,153,153,280.667,407.333,91
859,0,150,150,150,284.667,387.333,91
860,0,151,151,151,312.000,404.000,91
861,0,153,153,153,331.333,404.000,91
862,0,151,151,151,321.333,392.667,91
863,0,150,150,150,314.667,347.333,91
864,0,133,133,133,335.333,349.333,91
865,0,138,138,138,352.667,358.000,91
866,0,155,155,155,358.000,372.000,91
867,0,137,137,137,378.000,386.667,91
868,0,133,133,133,393.333,397.333,91
869,0,133,133,133,409.333,410.667,91
870,0,127,127,127,431.333,414.000,91
871,0,140,140,140,446.000,403.333,91
872,0,151,151,151,466.667,408.000,91
873,0,152,152,152,492.667,408.667,91
874,0,159,159,159,514.667,414.000,91
875,0,152,152,152,392.000,356.000,91
876,0,145,145,145,396.667,324.000,91
877,0,149,149,149,436.000,261.333,91
878,0,141,141,141,433.333,283.333,91
879,0,147,147,147,453.333,288.667,91
880,0,155,155,155,453.333,276.667,91
881,0,147,147,147,460.667,263.333,91
882,0,153,153,153,469.333,248.667,91
883,0,145,145,145,482.667,236.667,91
884,0,141,141,141,492.667,224.667,91
885,0,143,143,143,509.333,221.333,91
886,0,149,149,149,456.667,311.333,91
887,0,159,159,159,464.667,320.000,91
888,0,168,168,168,477.333,335.333,91
889,0,138,138,138,494.000,338.667,91
890,0,160,160,160,384.000,494.667,91
891,0,144,144,144,356.000,481.333,91
892,0,142,142,142,340.667,493.333,91
893,0,165,165,165,207.333,512.667,91
894,0,161,161,161,194.667,498.000,91
895,0,148,148,148,176.000,475.333,91
896,0,133,133,133,171.333,446.667,91
897,0,129,129,129,152.667,420.000,91
898,0,140,140,140,148.000,406.667,91
899,0,149,149,149,126.000,478.667,91
900,0,137,137,137,137.333,486.667,91
901,0,135,135,135,146.667,491.333,91
902,0,144,144,144,160.000,490.000,91
903,0,137,137,137,130.000,462.667,91
904,0,145,145,145,144.000,447.333,91
905,0,140,140,140,157.333,435.333,91
906,0,155,155,155,246.000,430.000,91
907,0,161,161,161,264.667,435.333,91
908,0,152,152,152,280.000,446.667,91
909,0,146,146,146,259.333,348.000,91
910,0,134,134,134,242.000,329.333,91
911,0,170,170,170,131.333,474.667,133
912,0,145,145,145,142.667,456.000,133
913,0,137,137,137,176.000,456.667,133
914,0,144,144,144,158.000,427.333,133
915,0,154,154,154,153.333,415.333,133
916,0,154,154,154,148.667,402.000,133
917,0,140,140,140,142.000,390.667,133
918,0,140,140,140,133.333,386.000,133
919,0,139,139,139,116.000,379.333,133
920,0,148,148,148,106.000,379.333,133
921,0,143,143,143,88.667,376.000,133
922,0,151,151,151,72.000,372.000,133
923,0,146,146,146,58.000,370.667,133
924,0,123,123,123,36.667,370.000,133
925,0,120,120,120,17.333,367.333,133
926,0,137,137,137,84.000,356.667,133
927,0,142,142,142,92.000,343.333,133
928,0,163,163,163,104.000,334.000,133
929,0,148,148,148,121.333,318.000,133
930,0,130,130,130,124.667,312.000,133
931,0,139,139,139,133.333,306.667,133
932,0,146,146,146,146.667,290.000,133
933,0,145,145,145,138.000,284.667,133
934,0,129,129,129,125.333,281.333,133
935,0,133,133,133,112.000,278.000,133
936,0,137,137,137,164.000,266.000,133
937,0,158,158,158,160.000,244.667,133
938,0,161,161,161,159.333,226.667,133
939,0,150,150,150,138.000,210.667,133
940,0,158,158,158,106.000,222.000,133
941,0,156,156,156,74.667,229.333,133
942,0,148,148,148,50.667,227.333,133
943,0,128,128,128,26.000,224.000,133
944,0,128,128,128,6.000,222.000,133
945,0,126,126,126,34.667,186.000,133
946,0,135,135,135,54.667,180.000,133
947,0,149,149,149,92.667,179.333,133
948,0,144,144,144,100.667,192.000,133
949,0,143,143,143,69.333,127.333,133
950,0,145,145,145,86.000,151.333,133
951,0,123,123,123,92.667,166.000,133
952,0,150,150,150,140.000,167.333,133
953,0,147,147,147,166.000,166.667,133
954,0,125,125,125,205.333,151.333,133
955,0,134,134,134,229.333,152.000,133
956,0,131,131,131,243.333,138.000,133
957,0,125,125,125,248.000,126.000,133
958,0,131,131,131,252.667,116.667,133
959,0,139,139,139,261.333,100.667,133
960,0,133,133,133,267.333,83.333,133
961,0,136,136,136,284.000,82.000,133
962,0,145,145,145,297.333,48.000,133
963,0,138,138,138,312.667,39.333,133
964,0,132,132,132,313.333,24.667,133
965,0,137,137,137,256.667,162.000,133
966,0,130,130,130,274.000,174.667,133
967,0,143,143,143,297.333,178.000,133
968,0,129,129,129,316.667,178.667,133
969,0,152,152,152,332.000,184.667,133
970,0,141,141,141,342.000,193.333,133
971,0,136,136,136,354.000,160.667,133
972,0,147,147,147,340.667,114.667,133
973,0,141,141,141,326.667,102.667,133
974,0,125,125,125,360.667,127.333,133
975,0,148,148,148,385.333,62.667,133
976,0,150,150,150,388.667,36.000,133
977,0,134,134,134,386.667,8.667,133
978,0,139,139,139,394.667,138.000,133
979,0,134,134,134,428.667,145.333,133
980,0,143,143,143,426.000,177.333,133
981,0,132,132,132,406.000,189.333,133
982,0,144,144,144,384.667,193.333,133
983,0,156,156,156,384.667,359.333,133
984,0,144,144,144,390.667,341.333,133
985,0,148,148,148,396.000,324.667,133
986,0,148,148,148,390.667,310.667,133
987,0,142,142,142,394.667,290.000,133
988,0,150,150,150,426.000,328.667,133
989,0,148,148,148,416.667,342.000,133
990,0,137,137,137,428.667,411.333,133
991,0,148,148,148,408.000,408.667,133
992,0,145,145,145,392.000,384.667,133
993,0,138,138,138,367.333,373.333,133
994,0,143,143,143,358.000,379.333,133
995,0,148,148,148,333.333,398.000,133
996,0,148,148,148,335.333,424.000,133
997,0,165,165,165,297.333,410.000,133
998,0,153,153,153,281.333,406.667,133
999,0,167,167,167,254.000,392.667,133
1000,0,150,150,150,235.333,369.333,133
1001,0,136,136,136,203.333,336.000,133
1002,0,148,148,148,190.000,318.667,133
1003,0,143,143,143,168.667,308.000,133
1004,0,139,139,139,218.667,325.333,133
1005,0,157,157,157,216.667,316.000,133
1006,0,133,133,133,216.667,298.667,133
1007,0,145,145,145,210.667,282.667,133
1008,0,137,137,137,206.667,270.000,133
1009,0,133,133,133,196.667,247.333,133
1010,0,150,150,150,178.667,223.333,133
1011,0,163,163,163,192.667,216.000,133
1012,0,156,156,156,178.000,209.333,133
1013,0,142,142,142,161.333,210.000,133
1014,0,149,149,149,147.333,202.000,133
1015,0,147,147,147,248.667,332.000,133
1016,0,148,148,148,242.667,310.000,133
1017,0,151,151,151,266.000,359.333,133
1018,0,146,146,146,272.667,374.000,133
1019,0,160,160,160,286.667,382.667,133
1020,0,158,158,158,323.333,350.667,133
1021,0,150,150,150,308.667,342.000,133
1022,0,151,151,151,317.333,329.333,133
1023,0,141,141,141,334.667,322.000,133
1024,0,162,162,162,357.333,478.667,133
1025,0,155,155,155,338.667,478.000,133
1026,0,152,152,152,319.333,481.333,133
1027,0,161,161,161,302.000,478.667,133
1028,0,147,147,147,281.333,451.333,133
1029,0,148,148,148,264.000,436.667,133
1030,0,136,136,136,243.333,432.667,133
1031,0,156,156,156,204.000,462.000,133
1032,0,158,158,158,140.667,488.667,133
1033,0,145,145,145,166.000,489.333,133
1034,0,128,128,128,179.333,109.333,133
1035,0,127,127,127,197.333,96.000,133
1036,0,150,150,150,223.333,67.333,133
1037,0,139,139,139,201.333,26.000,133
1038,0,129,129,129,130.667,22.667,133
1039,0,143,143,143,148.000,36.667,133
1040,0,153,153,153,399.333,504.667,198
1041,0,162,162,162,385.333,493.333,198
1042,0,151,151,151,353.333,478.000,198
1043,0,149,149,149,320.000,484.667,198
1044,0,153,153,153,298.000,496.000,198
1045,0,158,158,158,198.667,502.667,198
1046,0,158,158,158,187.333,492.000,198
1047,0,157,157,157,177.333,478.000,198
1048,0,140,140,140,174.000,461.333,198
1049,0,142,142,142,167.333,438.000,198
1050,0,152,152,152,156.000,414.000,198
1051,0,152,152,152,146.667,400.667,198
1052,0,156,156,156,202.667,452.667,198
1053,0,144,144,144,219.333,452.667,198
1054,0,146,146,146,234.000,446.000,198
1055,0,170,170,170,276.000,439.333,198
1056,0,168,168,168,290.667,452.667,198
1057,0,155,155,155,310.667,468.000,198
1058,0,152,152,152,246.667,428.667,198
1059,0,154,154,154,221.333,403.333,198
1060,0,144,144,144,206.667,393.333,198
1061,0,156,156,156,191.333,395.333,198
1062,0,149,149,149,171.333,394.667,198
1063,0,134,134,134,142.667,391.333,198
1064,0,131,131,131,130.000,386.000,198
1065,0,132,132,132,106.000,378.000,198
1066,0,121,121,121,90.667,374.667,198
1067,0,143,143,143,69.333,373.333,198
1068,0,150,150,150,42.000,364.667,198
1069,0,156,156,156,162.667,488.667,198
1070,0,154,154,154,141.333,487.333,198
1071,0,148,148,148,128.667,475.333,198
1072,0,152,152,152,132.000,462.000,198
1073,0,148,148,148,159.333,459.333,198
1074,0,173,173,173,257.333,400.667,198
1075,0,149,149,149,241.333,382.667,198
1076,0,158,158,158,228.667,365.333,198
1077,0,149,149,149,222.000,348.667,198
1078,0,150,150,150,219.333,315.333,198
1079,0,139,139,139,209.333,279.333,198
1080,0,149,149,149,206.000,342.667,198
1081,0,145,145,145,190.000,320.000,198
1082,0,147,147,147,172.000,314.667,198
1083,0,137,137,137,146.000,292.667,198
1084,0,143,143,143,102.667,335.333,198
1085,0,133,133,133,116.667,322.667,198
1086,0,147,147,147,137.333,305.333,198
1087,0,146,146,146,158.000,268.000,198
1088,0,152,152,152,160.667,257.333,198
1089,0,148,148,148,159.333,237.333,198
1090,0,143,143,143,106.000,253.333,198
1091,0,155,155,155,120.667,237.333,198
1092,0,138,138,138,54.000,229.333,198
1093,0,144,144,144,94.667,226.000,198
1094,0,135,135,135,121.333,216.667,198
1095,0,154,154,154,150.000,208.667,198
1096,0,166,166,166,162.667,210.667,198
1097,0,161,161,161,204.667,250.667,198
1098,0,164,164,164,189.333,236.000,198
1099,0,158,158,158,199.333,217.333,198
1100,0,169,169,169,183.333,206.667,198
1101,0,148,148,148,168.000,187.333,198
1102,0,145,145,145,230.667,156.667,198
1103,0,136,136,136,259.333,164.000,198
1104,0,134,134,134,270.667,178.000,198
1105,0,141,141,141,294.000,178.000,198
1106,0,154,154,154,310.667,182.000,198
1107,0,146,146,146,324.000,182.000,198
1108,0,149,149,149,332.000,183.333,198
1109,0,136,136,136,344.000,188.000,198
1110,0,127,127,127,354.667,187.333,198
1111,0,164,164,164,504.000,340.667,198
1112,0,166,166,166,478.667,333.333,198
1113,0,153,153,153,457.333,314.000,198
1114,0,145,145,145,447.333,290.667,198
1115,0,156,156,156,453.333,279.333,198
1116,0,154,154,154,462.000,262.000,198
1117,0,143,143,143,472.667,250.667,198
1118,0,151,151,151,486.667,236.000,198
1119,0,150,150,150,500.667,226.667,198
1120,0,154,154,154,460.000,231.333,198
1121,0,135,135,135,427.333,212.667,198
1122,0,137,137,137,486.667,70.000,198
1123,0,143,143,143,483.333,34.667,198
1124,0,143,143,143,482.667,16.000,198
1125,0,141,141,141,130.667,17.333,198
1126,0,137,137,137,143.333,30.000,198
1127,0,122,122,122,162.667,55.333,198
1128,0,136,136,136,246.667,129.333,198
1129,0,114,114,114,268.000,97.333,198
1130,0,159,159,159,298.667,54.667,198
1131,0,142,142,142,314.000,34.667,198
1132,0,134,134,134,319.333,14.000,198
1133,0,159,159,159,237.333,318.667,198
1134,0,151,151,151,254.000,336.667,198
1135,0,150,150,150,276.667,371.333,198
1136,0,156,156,156,288.667,387.333,198
1137,0,157,157,157,312.000,393.333,198
1138,0,165,165,165,290.000,404.000,198
1139,0,142,142,142,374.000,370.000,198
1140,0,149,149,149,386.667,382.667,198
1141,0,149,149,149,400.000,398.667,198
1142,0,140,140,140,405.333,414.000,198
1143,0,155,155,155,341.333,380.667,198
1144,0,148,148,148,390.667,278.000,198
1145,0,145,145,145,425.333,262.667,198
1146,0,146,146,146,376.667,300.000,198
1147,0,139,139,139,353.333,310.667,198
1148,0,142,142,142,332.667,318.667,198
1149,0,139,139,139,314.667,341.333,198
1150,0,147,147,147,330.000,350.667,198
1151,0,148,148,148,408.667,507.333,202
1152,0,151,151,151,383.333,494.000,202
1153,0,155,155,155,368.000,485.333,202
1154,0,152,152,152,344.667,476.667,202
1155,0,167,167,167,321.333,480.000,202
1156,0,154,154,154,311.333,492.667,202
1157,0,155,155,155,292.667,504.000,202
1158,0,155,155,155,282.000,510.667,202
1159,0,153,153,153,204.667,510.000,202
1160,0,156,156,156,191.333,496.000,202
1161,0,157,157,157,166.667,488.000,202
1162,0,160,160,160,143.333,488.000,202
1163,0,153,153,153,134.000,478.667,202
1164,0,153,153,153,124.667,468.000,202
1165,0,146,146,146,175.333,476.000,202
1166,0,152,152,152,166.000,438.000,202
1167,0,156,156,156,161.333,428.667,202
1168,0,148,148,148,151.333,408.000,202
1169,0,147,147,147,141.333,396.667,202
1170,0,132,132,132,120.667,386.667,202
1171,0,138,138,138,106.667,381.333,202
1172,0,139,139,139,88.000,378.667,202
1173,0,145,145,145,75.333,372.667,202
1174,0,130,130,130,54.000,368.667,202
1175,0,147,147,147,239.333,434.000,202
1176,0,141,141,141,226.667,456.000,202
1177,0,139,139,139,198.000,452.000,202
1178,0,162,162,162,262.000,406.000,202
1179,0,164,164,164,254.000,400.000,202
1180,0,149,149,149,238.667,384.000,202
1181,0,160,160,160,231.333,361.333,202
1182,0,171,171,171,218.000,346.000,202
1183,0,168,168,168,210.000,334.667,202
1184,0,134,134,134,182.667,317.333,202
1185,0,133,133,133,154.667,300.667,202
1186,0,143,143,143,138.667,302.667,202
1187,0,143,143,143,130.667,308.000,202
1188,0,130,130,130,112.000,325.333,202
1189,0,137,137,137,93.333,343.333,202
1190,0,144,144,144,159.333,266.000,202
1191,0,157,157,157,162.000,242.667,202
1192,0,153,153,153,160.667,226.667,202
1193,0,153,153,153,161.333,214.667,202
1194,0,161,161,161,313.333,398.667,202
1195,0,152,152,152,347.333,379.333,202
1196,0,142,142,142,363.333,370.667,202
1197,0,143,143,143,378.000,360.667,202
1198,0,142,142,142,394.000,355.333,202
1199,0,154,154,154,413.333,353.333,202
1200,0,144,144,144,423.333,337.333,202
1201,0,154,154,154,429.333,321.333,202
1202,0,139,139,139,442.000,300.000,202
1203,0,139,139,139,398.000,403.333,202
1204,0,148,148,148,408.667,410.667,202
1205,0,140,140,140,425.333,412.667,202
1206,0,132,132,132,436.667,404.000,202
1207,0,139,139,139,451.333,410.667,202
1208,0,156,156,156,468.667,414.000,202
1209,0,144,144,144,490.667,409.333,202
1210,0,160,160,160,470.000,332.000,202
1211,0,153,153,153,463.333,313.333,202
1212,0,145,145,145,456.000,304.667,202
1213,0,140,140,140,454.000,281.333,202
1214,0,146,146,146,458.000,266.667,202
1215,0,147,147,147,469.333,250.000,202
1216,0,145,145,145,486.667,238.000,202
1217,0,148,148,148,462.667,236.000,202
1218,0,164,164,164,234.667,154.667,202
1219,0,145,145,145,250.000,158.000,202
1220,0,130,130,130,276.667,163.333,202
1221,0,128,128,128,290.000,164.000,202
1222,0,145,145,145,313.333,168.667,202
1223,0,144,144,144,328.000,176.667,202
1224,0,138,138,138,342.000,189.333,202
1225,0,135,135,135,360.000,194.667,202
1226,0,137,137,137,389.333,190.667,202
1227,0,136,136,136,404.667,188.667,202
1228,0,139,139,139,68.000,170.667,202
1229,0,124,124,124,95.333,170.000,202
1230,0,136,136,136,126.000,164.667,202
1231,0,140,140,140,141.333,164.667,202
1232,0,134,134,134,165.333,159.333,202
1233,0,126,126,126,204.000,140.000,202
1234,0,141,141,141,314.667,106.667,202
1235,0,140,140,140,348.000,132.667,202
1236,0,149,149,149,502.667,240.000,206
1237,0,148,148,148,486.667,245.333,206
1238,0,155,155,155,472.000,249.333,206
1239,0,141,141,141,460.000,267.333,206
1240,0,149,149,149,450.667,284.667,206
1241,0,156,156,156,454.667,300.000,206
1242,0,159,159,159,460.667,313.333,206
1243,0,173,173,173,468.667,328.000,206
1244,0,157,157,157,478.667,334.667,206
1245,0,153,153,153,442.000,305.333,206
1246,0,149,149,149,440.000,319.333,206
1247,0,138,138,138,423.333,334.000,206
1248,0,142,142,142,404.667,346.667,206
1249,0,145,145,145,388.000,357.333,206
1250,0,146,146,146,367.333,371.333,206
1251,0,148,148,148,396.667,392.667,206
1252,0,135,135,135,426.667,412.000,206
1253,0,145,145,145,456.000,406.667,206
1254,0,144,144,144,475.333,416.000,206
1255,0,157,157,157,496.000,400.667,206
1256,0,161,161,161,356.667,476.667,206
1257,0,149,149,149,323.333,477.333,206
1258,0,141,141,141,178.667,464.667,206
1259,0,142,142,142,170.000,454.667,206
1260,0,151,151,151,167.333,441.333,206
1261,0,155,155,155,160.667,428.667,206
1262,0,147,147,147,152.667,412.000,206
1263,0,141,141,141,146.667,400.000,206
1264,0,149,149,149,138.667,460.000,206
1265,0,159,159,159,131.333,471.333,206
1266,0,147,147,147,136.000,385.333,206
1267,0,131,131,131,121.333,383.333,206
1268,0,137,137,137,98.667,374.667,206
1269,0,135,135,135,78.667,372.000,206
1270,0,141,141,141,64.667,370.667,206
1271,0,126,126,126,50.000,368.667,206
1272,0,129,129,129,26.667,367.333,206
1273,0,123,123,123,12.667,366.667,206
1274,0,131,131,131,8.667,381.333,206
1275,0,144,144,144,9.333,398.667,206
1276,0,150,150,150,10.000,415.333,206
1277,0,138,138,138,165.333,394.667,206
1278,0,147,147,147,186.667,395.333,206
1279,0,155,155,155,219.333,397.333,206
1280,0,135,135,135,212.000,451.333,206
1281,0,141,141,141,218.000,441.333,206
1282,0,151,151,151,229.333,434.000,206
1283,0,146,146,146,244.667,427.333,206
1284,0,160,160,160,266.000,434.000,206
1285,0,155,155,155,292.667,454.667,206
1286,0,155,155,155,299.333,468.667,206
1287,0,166,166,166,300.667,406.667,206
1288,0,156,156,156,288.667,409.333,206
1289,0,164,164,164,269.333,410.667,206
1290,0,139,139,139,252.667,395.333,206
1291,0,143,143,143,242.000,383.333,206
1292,0,138,138,138,228.000,355.333,206
1293,0,135,135,135,218.000,340.000,206
1294,0,142,142,142,216.000,307.333,206
1295,0,152,152,152,210.000,292.667,206
1296,0,135,135,135,206.000,272.667,206
1297,0,134,134,134,242.667,329.333,206
1298,0,158,158,158,256.667,339.333,206
1299,0,134,134,134,362.000,193.333,206
1300,0,127,127,127,351.333,193.333,206
1301,0,143,143,143,331.333,187.333,206
1302,0,153,153,153,320.000,177.333,206
1303,0,144,144,144,306.000,167.333,206
1304,0,140,140,140,298.000,165.333,206
1305,0,133,133,133,286.000,166.667,206
1306,0,141,141,141,270.667,164.667,206
1307,0,140,140,140,382.000,69.333,206
1308,0,145,145,145,386.667,42.667,206
1309,0,131,131,131,389.333,11.333,206
1310,0,146,146,146,204.667,242.667,206
1311,0,148,148,148,203.333,226.667,206
1312,0,137,137,137,209.333,206.667,206
1313,0,138,138,138,136.667,303.333,206
1314,0,133,133,133,144.667,296.000,206
1315,0,138,138,138,158.667,248.000,206
1316,0,122,122,122,122.667,319.333,206
1317,0,143,143,143,108.667,330.667,206
1318,0,143,143,143,314.000,15.333,206
1319,0,141,141,141,312.000,40.667,206
1320,0,138,138,138,292.000,70.000,206
1321,0,118,118,118,270.000,86.667,206
1322,0,134,134,134,246.667,113.333,206
1323,0,138,138,138,158.000,162.667,206
1324,0,135,135,135,138.667,163.333,206
1325,0,130,130,130,108.667,166.000,206
1326,0,137,137,137,140.667,38.000,206
1327,0,118,118,118,124.000,19.333,206
1328,0,124,124,124,60.000,36.000,206
1329,0,143,143,143,39.333,54.667,206
1330,0,157,157,157,29.333,82.667,206
1331,0,156,156,156,38.000,104.000,206
1332,0,139,139,139,52.667,116.667,206
1333,0,132,132,132,72.000,130.667,206
1334,0,129,129,129,68.667,168.667,206
1335,0,134,134,134,44.667,168.000,206
1336,0,129,129,129,70.667,140.000,202
1337,0,130,130,130,62.000,126.000,202
1338,0,144,144,144,52.000,108.667,202
1339,0,142,142,142,38.667,76.667,202
1340,0,140,140,140,41.333,52.000,202
1341,0,136,136,136,54.667,32.667,202
1342,0,129,129,129,68.000,20.000,202
1343,0,162,162,162,281.000,377.000,202
1344,0,136,136,136,254.000,343.000,202
1345,0,145,145,145,329.000,353.000,202
1346,0,135,135,135,313.000,341.000,202
1347,0,162,162,162,381.000,289.000,202
1348,0,141,141,141,71.000,229.000,202
1349,0,156,156,156,105.000,221.000,202
1350,0,141,141,141,134.000,208.000,202
1351,0,155,155,155,190.000,220.000,202
1352,0,160,160,160,202.000,248.000,202
1353,0,141,141,141,208.000,270.000,202
1354,0,151,151,151,212.000,285.000,202
1355,0,153,153,153,232.000,307.000,202
